ID,Query,Gold_label,Note,Coding,Definition,Grambank_ID_desc
GB020,Are there definite or specific articles?,0,Datapoint inherited from Danielsen’s work in the database of South American Indigenous Language Structures (SAILS).,"1. Code 1 if there is a morpheme that can mark definiteness or specificity without also conveying a spatial deictic meaning.
2. Code 0 if the source does not mention a definite article and you cannot find one in examples or texts in an otherwise comprehensive grammar.
3. Code ? if the grammar does not contain enough analysis to determine whether there is a definite article or not.","An article is a marker that accompanies the noun and expresses notions such as (non-)specificity and (in)definiteness. Sometimes these notions of specificity and definiteness are summed up in the term 'identifiability'. The formal expression is irrelevant; articles can be free, bound, or marked by suprasegmental markers such as tone.
Articles are different from demonstratives in that demonstratives occur in a paradigm of markers that have a clear spatial deictic function. As demonstratives can grammaticalize into definite or specific articles, they form a natural continuum, making it hard to define discrete categories, but to qualify as an article a marker should be used in some cases to express definiteness without also expressing a spatial deictic meaning.",GB020 ARTDef
GB021,Do indefinite nominals commonly have indefinite articles?,0,Datapoint inherited from Danielsen’s work in the database of South American Indigenous Language Structures (SAILS).,"1. Code 1 if indefinite NPs commonly occur with an indefinite/non-specific article. Three or more examples are sufficient.
2. Code 1 if there is evidence (three or more examples) of a demonstrative or numeral for 1 that has grammaticalized into an indefinite article. Look for explicit analysis from the author that they are indefinite articles or look at the environments in which they occur, for example, whether they occur in different positions depending on whether they are functioning as an indefinite article or not.  
3. Code 0 if there are no indefinite articles. 
4. Code 0 if there are less than three examples of indefinite/non-specific articles occurring with indefinite NPs and note this in the comments.
5. Code ? if it is unclear whether there are indefinite articles due to limited analysis from the author or because there are not enough examples.","For this feature, we need explicit support that indefinite/non-specific NPs commonly occur with an indefinite/non-specific article. Three or more examples of indefinite/non-specific nominals occurring with an indefinite/non-specific article is sufficient to code 1. 

An indefinite article is a marker that accompanies the indefinite noun and expresses notions such as non-specificity and indefiniteness. Sometimes these notions of non-specificity and indefiniteness are summed up in the term ‘identifiability’. A language does not necessarily have both a non-specific/indefinite and a specific/definite marker. These markers often stem from very different sources (numerals and demonstratives) and need not be similar in formal expression or position. 

The formal expression is irrelevant; articles can be free, bound, or marked by suprasegmental markers such as tone. Articles are different from demonstratives in that demonstratives occur in a paradigm of markers that have a clear spatial deictic function. As demonstratives can grammaticalize into definite or specific articles, they form a natural continuum, making it hard to define discrete categories. Articles are more grammaticalized, i.e. are often [obligatory](https://github.com/grambank/grambank/wiki/Obligatoriness) in certain contexts that require definite or specific reference. Definite or specific articles can also grammaticalize from pronouns meaning ‘a certain’. As articles necessarily accompany nouns, it is in these cases that it is necessary to investigate whether the marker can occur independently or not; if it can it is most likely a pronoun and not an article. Articles can be homophonous with pronouns and demonstratives, and also with classifiers.",GB021 ARTIndef
GB022,Are there prenominal articles?,0,Datapoint inherited from Danielsen’s work in the database of South American Indigenous Language Structures (SAILS).,"1. If there are articles, code 1 if in a pragmatically unmarked order they can precede the noun.
2. If there is an item which occurs before the noun which may be an article but which receives ? for GB020 or GB021, then code ?.
3. If demonstratives and articles are not well described, then code ?.
4. If both GB022 and [GB023](https://github.com/grambank/Grambank/wiki/GB023) are coded as 1, please write a comment explaining this as we are interested in the reasons that a language may have both prenominal and postnominal articles.","All questions concerning the order of elements aim to capture a pragmatically unmarked order. If both GB022 and GB023 are coded 1, please write a comment. Articles cover both definite or indefinite articles as defined in [GB020](https://github.com/grambank/grambank/wiki/GB020) and [GB021](https://github.com/grambank/grambank/wiki/GB021) respectively. In order to answer 1 for this feature, the markers' functions need to meet one of those definitions, so 1 should also have been answered for [GB020](https://github.com/grambank/grambank/wiki/GB020) or [GB021](https://github.com/grambank/grambank/wiki/GB021).",GB022 ARTPre
GB023,Are there postnominal articles?,0,Datapoint inherited from Danielsen’s work in the database of South American Indigenous Language Structures (SAILS).,"1. If there are articles, code 1 if in a pragmatically unmarked order they follow the noun.
2. If there is an item which occurs after the noun which may be an article but which receives ? for GB020 or GB021, then code ?.
3. If demonstratives and articles are not well described in the language, then code ?.
4. If both GB023 and [GB022](https://github.com/grambank/Grambank/wiki/GB022) are coded as 1, please leave a comment explaining this as we are interested in the reasons that a language may have both prenominal and postnominal articles.","All questions concerning the order of elements aim to capture a pragmatically unmarked order.If both GB022 and GB023 are coded 1, please write a comment. Articles cover both definite or indefinite articles as defined in [GB020](https://github.com/grambank/grambank/wiki/GB020) and [GB021](https://github.com/grambank/grambank/wiki/GB021) respectively. In order to answer 1 for this feature, the markers' functions need to meet one of those definitions, so 1 should also have been answered for [GB020](https://github.com/grambank/grambank/wiki/GB020) or [GB021](https://github.com/grambank/grambank/wiki/GB021).",GB023 ARTPost
GB024,What is the order of numeral and noun in the NP?,1,Datapoint inherited from Danielsen’s work in the database of South American Indigenous Language Structures (SAILS).,"1. Consider only phrases with the meaning 'X (numeral) units of Y (noun)' in their pragmatically neutral form. It does not matter what kind of construction is required (e.g. attributive *two books* or relative *books that are two*) or what word class the root or modifying form of the cardinal numerals belongs to, e.g. *two-ing books* (verb) or *two-some books* (noun) apply to this question.
2. If the numeral always precedes the noun, code 1. 
3. If the numeral always follows the noun, code 2.
4. If a closed class of nouns requires a different order than an open class, disregard the closed class and code the order that applies to the open class.
5. If both orders occur for an open class of nouns, that is if some numerals precede and some follow, or there is a free choice or there is a choice depending on some other factor (e.g. definiteness), code 3.","This feature focuses on the order of cardinal numerals (not ordinal numerals) and nouns in quantified noun phrases. In some languages only one order (Numeral-Noun or Noun-Numeral) is possible. In other languages both orders may be possible. This can take the form of free variation (where Numeral-Noun and Noun-Numeral order can occur interchangeably). The order may also depend on some other grammatical category which is neutral with respect to pragmaticality (e.g. definiteness). If the order depends on the noun, consider only the orders that apply to an open class of nouns and disregard orders that are restricted to a specific closed class of nouns.",GB024 NUMOrder
GB025,What is the order of adnominal demonstrative and noun?,1,Datapoint inherited from Danielsen’s work in the database of South American Indigenous Language Structures (SAILS).,"1. In the pragmatically unmarked order, if the demonstrative precedes the noun, code 1.
2. In the pragmatically unmarked order, if the demonstrative follows the noun, code 2.
3. If both orders occur, for example, if some demonstratives precede and some follow, or there is a free choice, then code 3.","This feature is concerned with the order of the noun and adnominal demonstratives (i.e. demonstratives that modify the noun). There are three possible values to code: 1, before the noun, 2, after the noun, or 3, both orders are possible. Like all questions concerning the order of elements, only the pragmatically unmarked orders are targeted.",GB025 DEMOrder
GB026,Can adnominal property words occur discontinuously?,0,Datapoint inherited from Danielsen’s work in the database of South American Indigenous Language Structures (SAILS).,"1. Code 1 if there are any sentences illustrating noun phrases where the adnominal property word is separated from the noun phrase whose head it modifies, such as *The man is running big.* to mean ‘The big man is running.’
2. Ignore sentences which may be resultatives such as *I painted the house red.* or contrastives such as *I saw the boy big.* (when he was an adult).
3. Code 1 if the grammar specifically states that the language allows adnominal property words to occur in a position separated from the remainder of the nominal phrase whose head they modify.
4. If discontinuous adnominal property words are not mentioned and there are no example sentences that show this phenomenon, code 0.
5. If there is an extensive agreement system, exhaust all resources to discover whether discontinuous adnominal property words are possible, even if they are not mentioned in the grammar. If you are uncertain whether their omission from a grammar truly indicates their absence in a language with an extensive agreement system you may code ? and include a comment about the lack of evidence.","This feature describes an adnominal property word denoting core adjectival concepts such as shape, value, dimension, age, color (at a minimum -- many other meanings are possible) which can be separated from the noun it modifies by some element that is not part of the nominal phrase. For example, can you say ***the man** is running **big*** to mean ‘**the big man** is running’? 

Typically a language which allows this has extensive [agreement](https://github.com/grambank/grambank/wiki/Agreement) systems so that you can still work out what modifies what in the NP without them being adjacent (e.g. the ‘Australian type’). NPs that are made up of several coordinated NPs that can be interpreted by the verb or other elements are not relevant here. This features aims specifically to capture the phenomenon of a single NP whose property words can occur outside of and not immediately adjacent to the portion of the NP that contains the head. Examples of the type *I painted the house red* or *I saw the boy big* are not necessarily discontinuous, but most likely resultative or contrastive (*I saw the boy big* [as opposed to before when he was small]). These should be disregarded for the purposes of this feature.

Note that for the purposes of this feature only property words (e.g. *tall*, *red*, *friendly*) should be considered. Any other elements described as 'adjectives' or 'adjectival' in the grammatical description (e.g. quantifiers, demonstratives) should be disregarded in coding this feature.",GB026 ADJDiscont
GB027,Are nominal conjunction and comitative expressed by different elements?,1,Datapoint inherited from Danielsen’s work in the database of South American Indigenous Language Structures (SAILS).,"1. Determine if both comitative and nominal conjunction are overtly marked (i.e. not solely by juxtaposition). If one of them is zero-marked, code 0.
2. Code 1 if there is an example of NP coordination (e.g. *John **and** Mary went to the market*) which uses an element that is distinct from the comitative marker (e.g. *John went to the market **with** Mary.*). 
3. Code 0 if a grammar states that the language uses the same elements to coordinate NPs and to mark comitative phrases.
4. Grammars do not always explicitly state whether or not the same element is used for comitative marking and nominal conjunction. Look for examples in example sentences and in appended texts as well as in the prose of the grammar.","Is there a difference between the marking of NP coordination (*John **and** Mary went to market.*) and the marking of comitative phrases (*John **with** Mary went to market.*)? In some languages the only way to coordinate noun phrases is with a comitative phrase, i.e. the only way to say ‘X **and** Y’ is ‘X **with** Y’. To see whether an element is comitative or coordinating you can check case marking and agreement. For example, if X is the element in question and in the dative you get ‘John-DAT X Mary-DAT’, then X is likely coordinating. If you get ‘John-DAT X Mary’, X is likely comitative. If there is agreement, if you get ‘John X Mary verb-PL’ rather than 'John X Mary verb-SG' (just like ‘John X suitcase verb-SG’), this suggests that X is coordinating.",GB027 ComitConjDifferent
GB028,Is there a distinction between inclusive and exclusive?,0,Datapoint inherited from Danielsen’s work in the database of South American Indigenous Language Structures (SAILS).,"1. Code 1 if there is a pronoun or other marker, such as a person index, that explicitly marks the inclusion of an interlocutor in the first person plural.  
2. Code 0 if the sections of the grammar discussing pronoun systems and person indexing on verbs describe no distinctions between inclusive and exclusive persons, and no pronominal forms or indices are found in examples glossed with grammatical information including INCL/EXCL or meanings such as ‘you and I’ or ‘we all (not you)’. Pay close attention to the non-singular forms of first person pronouns and indices. 
3. If you are uncertain whether some pronominal or index form(s) mark(s) a clusivity distinction (e.g. a form in a single example glossed ‘you and I’ that is known to encode dual number but is not clearly described regarding inclusivity, or multiple first person pronouns whose differences are not adequately described), code ? and provide a brief comment describing the forms or descriptions that were unclear.","Is there a pronoun or other marker that explicitly marks the inclusion of an interlocutor? This feature is not restricted to the pronominal system but includes person [indexing](https://github.com/grambank/grambank/wiki/Indexing-vs.-pronouns) as well. If inclusive is marked overtly in either the pronominal system or through verbal marking this is sufficient to trigger a 1 for this feature, even if exclusive has no overt morphological marking.",GB028 Clusivity
GB030,Is there a gender distinction in independent 3rd person pronouns?,0,Datapoint inherited from Danielsen’s work in the database of South American Indigenous Language Structures (SAILS).,"1. If there are grammaticalized independent third person pronouns which encode a distinction in gender, including categories such as masculine and feminine or animacy, code 1.
2. If there are independent third person pronouns that are marked for the gender/noun class of the referent, code 1.
3. If there are no third person pronouns _that specify gender/noun class_ but there are demonstratives that encode gender distinctions, code 1. Note that this includes cases where the language's third person pronouns do not encode any noun class/gender distinctions as well as cases where there are no independent third person pronouns.
4. If pronouns are used only for animate third person referents and demonstratives are used for inanimate third person referents, but no noun class/gender contrasts are encoded within the third person pronouns nor within the set of demonstratives, this can be interpreted as an animacy contrast in third person pro-forms and is sufficient for 1 coding.
5. If neither independent third person pronouns nor demonstratives are marked for noun class/gender, code 0.
6. If you are uncertain whether the categories distinguished in third person pronoun forms or demonstratives are relevant to this feature, code ? and provide a comment describing the potentially relevant categories in the language's third person pronouns and/or demonstratives.","This question targets the existence of any [gender distinction](https://github.com/grambank/grambank/wiki/Noun-Classes-and-Classifiers) in [phonologically independent third person pronouns](https://github.com/grambank/grambank/wiki/Indexing-vs.-pronouns). For the purposes of this feature we define third person pronouns as including demonstratives. A masculine/feminine distinction is commonly encoded in third person pronouns, but distinctions in any other noun class/gender categories such as animacy also satisfy the criterion for coding a 1 for this feature. For languages with no third person independent pronouns or no noun class/gender distinctions in third person pronouns, a gender distinction in demonstratives would be sufficient to trigger a 1 here. If pronouns with just inanimate referents (or alternatively, just animate referents) agree with the noun class/gender of the corresponding noun that also suffices for 1. If a language has any gender distinction for third person pronouns but not for demonstratives, this is also sufficient for a 1. For more information on the difference between grammatical gender and social, cultural, and biological constructs or traits, see the [gender wiki page](https://github.com/grambank/grambank/wiki/Grammatical-gender-and-other-notions-of-gender).",GB030 PRO3PGender
GB031,Is there a dual or unit augmented form (in addition to plural or augmented) for all person categories in the pronoun system?,0,Datapoint inherited from Danielsen’s work in the database of South American Indigenous Language Structures (SAILS).,"1. If there is at least one grammaticalized pronoun in each person category in a language's independent pronoun paradigm that specifies that the number of what is being referred to is two, then code 1.
2. If there is at least one morpheme for each person category in a language's person indexing paradigm that specifies that the number of what is being referred to is two, then code 1.
3. If the expression of dual number for one or more person categories in the pronoun or person index paradigm(s) relevant to steps 1-2 requires a non-dual pronoun or index form plus a separate, general dual marker, code 0 and include a comment.
4. If there are multiple pronoun (or person indexing) paradigms in the language and at least one of them includes a dual or unit-augmented number form for all person categories, then code 1.
5. Otherwise code 0.","A dual or unit augmented form must be present throughout the paradigm (i.e. for all person categories) for this feature to be coded as 1. Both [independent pronouns and bound person indexes](https://github.com/grambank/grambank/wiki/Indexing-vs.-pronouns) are to be considered in coding this feature. Inclusive and exclusive categories of first person are not considered separate person categories for the purposes of coding this feature (e.g. if a language has dual number in third, second, and any first person category it is sufficient for triggering a 1). A dual or unit augmented form for a single person category in the paradigm is *not* sufficient for a 1 code.",GB031 PRODualAug
GB035,Are there three or more distance contrasts in demonstratives?,0,Datapoint inherited from Danielsen’s work in the database of South American Indigenous Language Structures (SAILS).,"1. Find 'demonstratives'.
2. Code 1 if there are three or more adnominal demonstratives marking different degrees of distance, including distance from the speaker or interlocutor.
3. Code 0 if there are less than three adnominal demonstratives marking different degrees of distance, including distance from the speaker or interlocutor.","Demonstratives are modifiers that can modify nouns (of any type and not just a restricted set such as location nouns) to mark position (e.g. deixis or reference within discourse). This doesn't have to be only Euclidean distance (meters, inches etc.), it could also be concerned with near or far in relation to the interlocutors (cf. Wolof). If the system of adnominal demonstratives includes an anaphoric demonstrative this does not count as a third distance.",GB035 DEMDistContrast
GB036,Do demonstratives show an elevation distinction?,0,Datapoint inherited from Danielsen’s work in the database of South American Indigenous Language Structures (SAILS).,"1. Find adnominal demonstratives, which are modifiers that can modify nouns (of any type and not just a restricted set such as location nouns) to mark position. 
2. Code 1 if there are adnominal demonstratives that specifically communicate an elevation distinction to the speaker or interlocutor, rather than just near or far distance such as in [GB035](https://github.com/grambank/grambank/wiki/GB035).",Elevation is concerned with how high or how low an object is (in altitude).,GB036 DEMElevation
GB037,Do demonstratives show a visible-nonvisible distinction?,0,Datapoint inherited from Danielsen’s work in the database of South American Indigenous Language Structures (SAILS).,"1. Find 'demonstratives', which are modifiers that can modify nouns (of any type and not just a restricted set such as location nouns) to mark position.
2. Code 1 if there are adnominal demonstratives that specifically communicate that something is invisible/visible to the speaker or interlocutor, rather than just near or far distance.",Is there a distinction visible vs. non-visible when referencing to items that are the same relative distance? It is not relevant that adnominal demonstratives denoting far away reference often also imply non-visibility.,GB037 DEMVisNonvis
GB039,Is there nonphonological allomorphy of noun number markers?,1,Datapoint inherited from Danielsen’s work in the database of South American Indigenous Language Structures (SAILS).,"1. Code 1 if there are elements marking number on nouns (excluding pronouns), whether they are attached to the noun or not,
2. And it is not entirely predictable what the plural marker will be by looking at the singular marker on the nouns and vice versa. 
3. Code 0 if you can predict what the plural marker will be from the singular marking and vice versa.","Are there different number markers for a single number category? And is the choice between these markers unpredictable from the marker a noun receives in another number category? For example, are there different plural markers while there is only one (or no) singular marker? Or do two nouns receive different singular markers but the same plural marker? This feature targets bound number markers, free number markers, and clitics.",GB039 NounNUMAllomorph
GB041,Are there several nouns (more than three) which are suppletive for number?,0,Datapoint inherited from Danielsen’s work in the database of South American Indigenous Language Structures (SAILS).,"1. Code 1 if there are four or more examples of nouns which have a suppletive forms for number.
2. If there are 3 or fewer examples, consider whether the author describes these as special exceptions (in which case, code 0) or part of a larger group (in which case, code 1).
3. If all examples only feature 'weak suppletion', code 0.
4. If there is little description of number marking of nouns in general, code ?.","Suppletion is a process where a lexeme is changed in such a way that the new form does not resemble the previous when it appears in a different position in the paradigm. An example of this is English _went_ and _go_. In this case, the verb is suppletive for tense. Only so called 'strong suppletion' counts here, 'weak' suppletion is not included. 

Only answer 1 if there are more than three examples of strong suppletion. Body parts and kinship terms are a good place to start investigating.",GB041 NUMSupplNoun
GB042,Is there productive overt morphological singular marking on nouns?,0,Datapoint inherited from Danielsen’s work in the database of South American Indigenous Language Structures (SAILS).,"1. Consider the section in the grammar that deals with number or nominal morphology.
2. If the author describes a bound marker of singular number on the noun that occurs regularly, code 1.
3. If the only marking of singular number occurs on nouns derived from other word classes (adjectives, verbs, etc.), or if it only occurs only a small subset of nouns, code 0.
4. If the grammar mentions that singular number is not marked productively, or that it is marked somewhere else than on the noun, code as 0.
5. If the grammar does not describe number marking at all and you have a reason to believe that the author may have missed it, code ?.
6. If the grammar does not describe number, you encounter no examples of number marking, and the grammar is otherwise comprehensive, code 0.","This question concerns a bound grammatical marker of singular number on nouns. The marker should occur with an [open set of nouns](https://github.com/grambank/grambank/wiki/Productivity), not with a restricted set. Absence of plural marking does not count for a 1 here (hence the emphasis on ‘overt’ in the feature question). This feature contrasts with [GB316 Is singular number regularly marked in the noun phrase by a phonologically free element?](https://github.com/grambank/Grambank/wiki/GB316) which focuses on the non-bound marking of singular number. For more on bound marking, please see this [page](https://github.com/grambank/Grambank/wiki/%27on-the-verb-noun%27-or-%27by-morphology%27). Bound marking of number on nouns derived from other word classes (such as adjectives or verbs) does not suffice for a 1.

Number marking is often fused with marking of other categories, such as definiteness/specificity or gender/noun class. It is possible for the number marker to also signal other functions and still trigger a 1 code, as long as these other functions do not interfere with the distinctions in number and as long as number marking is productive.",GB042 SingularNoun
GB043,Is there productive morphological dual marking on nouns?,0,Datapoint inherited from Danielsen’s work in the database of South American Indigenous Language Structures (SAILS).,"1. Consider the section in the grammar that deals with number or nominal morphology.
2. If the author describes a bound marker of dual number on the noun that occurs regularly, code 1.
3. If the only marking of dual number occurs on nouns derived from other word classes (adjectives, verbs etc.) or on a small subset of nouns, code 0.
4. If the grammar mentions that dual number is not marked productively, or that it is marked somewhere else than on the noun, code as 0.
5. If the grammar does not describe number marking at all and you have a reason to believe that the author may have missed it, code ?.
6. If the grammar does not describe number, you encounter no examples of number marking, and the grammar is otherwise comprehensive, code 0.","This question concerns a bound grammatical marker of dual number on nouns. The marker should occur with an [open set of nouns](https://github.com/grambank/grambank/wiki/Productivity), not with a restricted set. This feature contrasts with [GB317 Is dual number regularly marked in the noun phrase by a phonologically free element?
](https://github.com/grambank/Grambank/wiki/GB317) which focuses on the non-bound marking of dual number. For more on bound marking, please see [this page](https://github.com/grambank/Grambank/wiki/%27on-the-verb-noun%27-or-%27by-morphology%27). Bound marking of number on nouns derived from other word classes (such as adjectives or verbs) does not suffice for a 1. 

Number marking is often fused with marking of other categories, such as definiteness/specificity or gender/noun class. It is possible for the number marker to also signal other functions and be coded as 1, as long as these other functions do not interfere with the number distinctions and as long as number marking is productive and regular. 

It can be difficult to determine how obligatory markers of dual, trial and paucal number are since they can often be replaced by plural number marking. If the grammar writer describes the marker as denoting grammatical number and there are several examples, this suffices.",GB043 DualBound
GB044,Is there productive morphological plural marking on nouns?,1,Datapoint inherited from Danielsen’s work in the database of South American Indigenous Language Structures (SAILS).,"1. Consider the section in the grammar that deals with number or nominal morphology.
2. If the author describes a bound marker of plural number on the noun that occurs regularly, code 1.
3. If the only marking of plural number occurs on nouns derived from other word classes (adjectives, verbs etc.) or on a small subset of all nouns, code 0.
4. If the only marking of plural number is accomplished by reduplication, code 0.
5. If the grammar mentions that plural number is not marked productively, or that it is marked somewhere else than on the noun, code as 0.
6. If the grammar does not describe number marking at all and you have a reason to believe that the author may have missed it, code ?.
7. If the grammar does not describe number, you encounter no examples of number marking, and the grammar is otherwise comprehensive, code 0.","This question concerns a bound grammatical marker of plural number on nouns. This feature contrasts with [GB318	Is plural number regularly marked in the noun phrase by a phonologically free element?](https://github.com/grambank/Grambank/wiki/GB318) which focuses on non-bound marking of plural number. For more on bound marking, please see [this page](https://github.com/grambank/Grambank/wiki/%27on-the-verb-noun%27-or-%27by-morphology%27). Bound marking of number on nouns derived from other word classes (such as adjectives or verbs) does not suffice for a 1. Reduplication (full or partial) does not count for this feature.

The marker should occur with an [open set of nouns](https://github.com/grambank/grambank/wiki/Productivity), not with a restricted set. Classes of animate nouns or human nouns are large and open enough. Kinship terms however are a restricted set since it is very hard to add new members.

Number marking is often fused with marking of other categories, such as definiteness/specificity or gender/noun class. It is possible for the number marker to also signal other functions and be coded as 1, as long as these other functions do not interfere with the number distinctions and as long as number marking is productive and regular.",GB044 PluralBound
GB047,Is there a productive morphological pattern for deriving an action/state noun from a verb?,0,Datapoint inherited from Danielsen’s work in the database of South American Indigenous Language Structures (SAILS).,"1. Code 1 if there is an element that productively attaches to verbs that forms an action/state nominalization such as *arrival*, *concentration*, etc.  
2. Do not code 1 if the relevant nouns are stated to be nouns in their own right and not derived.
3. If nominalization is not discussed whatsoever, code ?.
4. If nominalization is discussed at some length, but action/state nominalizations are not mentioned, code 0.","An action nominalization derives from a verb and functions like a noun or noun phrase. The result denotes an action or state. In English, we can exemplify this with *the enemy’s **destruction** of the city*. *Arrive* - ***arriving*** could also serves as an example, or, in Spanish, *La **concentración** de Sherlock Holmes duró cinco horas.* ‘Sherlock Holmes’ **concentration** lasted five hours’. This feature targets [phonologically bound](https://github.com/grambank/grambank/wiki/Wordhood-and-phonological-boundness-or-independence) overt nominalizers, including affixes, clitics, tonal markers, reduplication, ablaut, etc. There needs to be [productive](https://github.com/grambank/grambank/wiki/Productivity) derivation. The derived noun may also refer to states or events in addition to actions. The nominalization strategy may also derive other types of nominalization. Compounds of a verb root and a noun meaning 'action', 'state' or 'event are not action nominalizations unless further grammaticalized.",GB047 NMZActionState
GB048,Is there a productive morphological pattern for deriving an agent noun from a verb?,1,Datapoint inherited from Danielsen’s work in the database of South American Indigenous Language Structures (SAILS).,"1. Code 1 if there is an element that attaches to verbs to form an agentive nominalization such as *singer* from *sing* and if it is not stated that the element is a noun meaning ‘person’.
2. Do not code 1 if the relevant nouns are stated to be nouns in their own right and not derived.
3. If nominalization is not discussed whatsoever, code ?.
4. If nominalization is discussed at some length, but agent nominalization is not mentioned, code 0.","An agent nominalization derives from a verb and functions like a noun or noun phrase. The result denotes the agent of an action. In English, we can exemplify this with the productive _-er_ suffix (_bak-er_, _fish-er_, *garden-er*, etc.). This feature targets [phonologically bound](https://github.com/grambank/grambank/wiki/Wordhood-and-phonological-boundness-or-independence) overt nominalizers, including affixes, clitics, tonal markers, reduplication, ablaut, etc. This derivation pattern needs to be [productive](https://github.com/grambank/grambank/wiki/Productivity). Compounds of a verb root and a noun meaning 'person' are likely not agent nominalizations.",GB048 NMZAgent
GB049,Is there a productive morphological pattern for deriving an object noun from a verb?,1,Datapoint inherited from Danielsen’s work in the database of South American Indigenous Language Structures (SAILS).,"1. Code 1 if there is an element which attaches to verbs to form an object nominalization.
2. Do not code 1 if the relevant nouns are stated to be nouns in their own right and not derived.
3. If nominalization is not discussed whatsoever, code ?.
4. If nominalization is discussed at some length, but object nominalization is not mentioned, code 0.","An object nominalization derives from a verb and functions like a noun or noun phrase. The result denotes the object or result of an action (e.g. *song* is derived from *to sing*). This feature targets [phonologically bound](https://github.com/grambank/grambank/wiki/Wordhood-and-phonological-boundness-or-independence) overt nominalizers, including affixes, clitics, tonal markers, reduplication, ablaut, etc. There needs to be [productive](https://github.com/grambank/grambank/wiki/Productivity) derivation for this feature to be coded 1. The nominalization strategy may also derive other types of nominalization. A compound of a verb root and a noun meaning 'thing' is not an object nominalization unless there is evidence that the noun has grammaticalized into an affix. Instrument derivations are not relevant since they do not denote the object resulting from the action/state.",GB049 NMZObject
GB051,Is there a gender/noun class system where sex is a factor in class assignment?,0,Datapoint inherited from Danielsen’s work in the database of South American Indigenous Language Structures (SAILS).,"1. If there is [a system of nominal classification](https://github.com/grambank/grambank/wiki/Noun-Classes-and-Classifiers) where some markers vary based on the category of the noun,
2. And if these markers are **not** used only with numerals, demonstratives, and possessors (or some subset of these categories),
3. And if these markers are involved in [agreement](https://github.com/grambank/grambank/wiki/Agreement) within the noun phrase, inflectional marking of the noun, or correspond to categories of [indexing](https://github.com/grambank/grambank/wiki/Indexing-vs.-pronouns),
4. And if there is a correlation between use of a particular gender marker and the categories masculine and/or feminine, then code 1.
5. Code 0 if there is no class/gender system as defined in steps 1-3 or the assignment of nouns to classes/genders does not include masculine and/or feminine categories.
6. If the language has a gender/noun class system that does not encode a distinction between masculine and feminine, but does encode some other distinction(s) associated with gender/sex, code ? and provide a comment about the relevant categories.","A noun class/gender system categorizes nouns for the purposes of grammatical [agreement](https://github.com/grambank/grambank/wiki/Agreement) with other constituents in the noun phrase or other inflectional morphology. See the [classification wiki page](https://github.com/grambank/grambank/wiki/Noun-Classes-and-Classifiers) for more information on our definition of noun class/gender. Noun class/gender assignment may be based on one or several factors. This feature focuses on whether the categories _masculine_ and _feminine_ are relevant for noun class/gender assignment in a given language. A contrast between these categories in a noun class/gender system serves as a minimal criterion for this feature to be coded 1. Languages that overtly mark only one of these categories (e.g. feminine, with an unmarked class interpreted as non-feminine) do encode the relevant distinction and should be coded 1. A language may encode other socially or culturally relevant gender distinctions, and there may be cross-linguistic and cross-cultural differences in the semantics and membership of masculine and feminine categories. A language may also categorize nouns based on other factors entirely (e.g. shape, animacy, phonological properties). For the purposes of this feature, grammatical categories other than masculine and feminine should be disregarded. 

The use of these two specific categories in the definition of this feature is meant to enable consistent coding and interpretation of data for a narrowly-defined, cross-linguistically common distinction. This is not meant to represent social or cultural gender constructs or particular biological traits, nor is it intended to reflect the full diversity of grammatical gender systems. For more information on the difference between grammatical gender and social, cultural, and biological constructs or traits, see the [gender wiki page](https://github.com/grambank/grambank/wiki/Grammatical-gender-and-other-notions-of-gender).",GB051 GenderSex
GB052,Is there a gender/noun class system where shape is a factor in class assignment?,0,Datapoint inherited from Danielsen’s work in the database of South American Indigenous Language Structures (SAILS).,"1. If there is [a system of nominal classification](https://github.com/grambank/grambank/wiki/Noun-Classes-and-Classifiers) where some markers vary based on the category of the noun,
2. And if these markers are **not** used only with numerals, demonstratives, and possessors (or some subset of these categories),
3. And if these markers are involved in [agreement](https://github.com/grambank/grambank/wiki/Agreement) within the noun phrase, inflectional marking of the noun, or [indexing](https://github.com/grambank/grambank/wiki/Indexing-vs.-pronouns),
4. And if there is a correlation between use of a particular gender marker and the shape of the referent, then code 1.
5. Code 0 if there is no class/gender system or the assignment of nouns to classes/genders does not involve shape.
6. Code 0 if noun class/gender markers associated with some other semantic categories (e.g. masculine and feminine) are used to create diminutive and augmentative forms that may have meanings of endearment or intensity in addition to size, but no other shape meanings are relevant to categorization of nouns.
7. If you are unsure whether the semantic properties associated with membership in a particular noun class or gender are specifically related to shape, code ? and provide a comment describing the semantic properties/categories in question.","A noun class/gender system categorizes nouns for the purposes of grammatical [agreement](https://github.com/grambank/grambank/wiki/Agreement) with other constituents in the noun phrase or other inflectional morphology. See the [classification wiki page](https://github.com/grambank/grambank/wiki/Noun-Classes-and-Classifiers) for more information on our definition of noun class/gender. Noun class/gender assignment may be based on one or several factors. This feature focuses on whether the shape of an object is one of these factors for a given language. There must be a clear preference for certain nouns to be classified to certain gender categories as a result of their _shape_ for this feature to be coded 1. That is, shape must be one relevant factor in the assignment of gender; however it does not need to be an absolute deciding factor or the only relevant factor in gender/class assignment. 

Note that noun class markers are sometimes used to mark diminutives and augmentatives; this feature focuses specifically on shape (e.g. long, round, square, wide) and should _not_ be coded 1 if noun class markers associated with some other semantic categories (e.g. masculine and feminine) are recruited for diminutive and augmentative forms unless there is some other clear shape-based assignment.",GB052 GenderShape
GB053,Is there a gender/noun class system where animacy is a factor in class assignment?,0,Datapoint inherited from Danielsen’s work in the database of South American Indigenous Language Structures (SAILS).,"1. If there is [a system of nominal classification](https://github.com/grambank/grambank/wiki/Noun-Classes-and-Classifiers) where some markers vary based on the category of the noun,
2. And if these markers are **not** used only with numerals, demonstratives, and possessors (or some subset of these categories),
3. And if these markers are involved in [agreement](https://github.com/grambank/grambank/wiki/Agreement) within the noun phrase, inflectional marking of the noun, or [indexing](https://github.com/grambank/grambank/wiki/Indexing-vs.-pronouns),
4. And if there seems to be a correlation between use of a particular noun class/gender marker and the animacy of the noun, then code 1.
5. Code 0 if there is no noun class/gender system or the assignment of nouns to classes/genders does not involve animacy.","A noun class/gender system categorizes nouns for the purposes of grammatical [agreement](https://github.com/grambank/grambank/wiki/Agreement) with other constituents in the noun phrase or other inflectional morphology. See the [classification wiki page](https://github.com/grambank/grambank/wiki/Noun-Classes-and-Classifiers) for more information on our definition of noun class/gender. Noun class/gender assignment may be based on one or several factors. This feature focuses on whether the animacy of a noun is one of these factors for a given language. There must be a clear preference for certain nouns to be classified in certain gender categories as a result of their animacy for this feature to be coded 1. That is, animacy must be a relevant factor in the assignment of gender; however it does not need to be an absolute deciding factor or the only relevant factor in gender/class assignment. 

Note that while masculine and feminine categories are generally associated with animate referents, a gender system that makes a distinction between these categories is not necessarily sufficient to trigger a 1 here. A gender system in which animacy is a relevant factor will often make a distinction between human or animal referents and non-living referents, and animate status may be extended to culturally important non-living entities (e.g. mythological figures) or objects (e.g. celestial bodies). A human/non-human distinction is sufficient for a 1 code.",GB053 GenderAnimacy
GB054,Is there a gender/noun class system where plant status is a factor in class assignment?,0,Datapoint inherited from Danielsen’s work in the database of South American Indigenous Language Structures (SAILS).,"1. If there is [a system of nominal classification](https://github.com/grambank/grambank/wiki/Noun-Classes-and-Classifiers) where some markers vary based on the category of the noun,
2. And if these markers are **not** used only with numerals, demonstratives, and possessors (or some subset of these categories),
3. And if these markers are involved in [agreement](https://github.com/grambank/grambank/wiki/Agreement) within the noun phrase, inflectional marking of the noun, or [indexing](https://github.com/grambank/grambank/wiki/Indexing-vs.-pronouns),
4. And if there seems to be a correlation between the use of a particular gender marker and nouns which refer to plants or plant products,
5. And if that correlation reflects a semantic category of plants or some subset of plants/plant products as a factor in noun class assignment, then code 1.
6. Code 0 if there is no noun class/gender system or if the assignment of nouns to classes/genders does not involve any semantic categories related to plant status.
7. Code 0 if any identifiable tendency for nominals with plant referents to be assigned to certain noun classes/genders reflects phonology, historical accident, or coincidental patterns of arbitrary assignment and not plant status.
8. Code ? if you identify a pattern in which nouns referring to plants are typically assigned to a specific noun class/gender, but you are unsure whether plant status is a factor in that assignment. Provide a comment that includes mention of the relevant plant meanings and noun classes.","A noun class/gender system categorizes nouns for the purposes of grammatical [agreement](https://github.com/grambank/grambank/wiki/Agreement) with other constituents in the noun phrase or other inflectional morphology. See the [classification wiki page](https://github.com/grambank/grambank/wiki/Noun-Classes-and-Classifiers) for more information on our definition of noun class/gender. Noun class/gender assignment may be based on one or several factors. This feature focuses on whether one of these factors distinguishes plants from other concepts. For this feature to be coded 1, there must be a clear pattern in which nouns that refer to plants or some subset of plant referents are assigned to one or more specific noun classes. 

Although the semantic factors in noun class/gender assignment are not always perfectly clear-cut, this feature targets those systems in which certain nouns are assigned to a particular class *because* their referents are plants. Systems in which several nominals with plant referents are assigned to a particular class because of their phonology or due to some more or less arbitrary assignment are not the target of this feature. That is, plant status must be a relevant factor in the assignment of gender. However, it does not need to be an absolute deciding factor or the only relevant factor in gender/class assignment for a particular category.",GB054 GenderPlants
GB057,Are there numeral classifiers?,0,Datapoint inherited from Danielsen’s work in the database of South American Indigenous Language Structures (SAILS).,"1. Code 1 if cardinal numerals are [obligatorily](https://github.com/grambank/Grambank/wiki/Obligatoriness) accompanied by an element which varies according to the semantic class of the noun,
2. And if the nouns in question are of high countability, such as people, animals and objects, rather than low countability such as water, sand and smoke.
3. Code 0 if there is no mention of numeral classifiers and if their absence is clear from the data provided in the grammar.","This question concerns whether some cardinal numerals [obligatorily](https://github.com/grambank/Grambank/wiki/Obligatoriness) occur with a marker that varies depending on the modified noun. This marker should not be the same as a marker of a [noun class/gender system](https://github.com/grambank/grambank/wiki/Noun-classes-and-classifiers) used also on noun modifiers other than cardinal numerals (e.g. demonstratives) or on predicates. The nouns in question should be of high countability, such as people, animals and objects, rather than of low countability, such as water, sand and smoke.",GB057 NUMClassif
GB058,Are there possessive classifiers?,0,Datapoint inherited from Danielsen’s work in the database of South American Indigenous Language Structures (SAILS).,"1. Code 1 if there are elements which are used, but not necessarily obligatory, in possessive constructions, which vary according to the semantic class of the possessor noun or the possessed noun,
2. And these elements are not the same as markers of the noun class/gender system, or other classifier systems such as numeral classifiers,
3. And these elements are not normally used when the noun is used in non-possessive constructions.
4. There need to be at least two markers (i.e. not just a possessive marker and the absence of a possessive marker).","This question concerns whether there is an independent [classifier](https://github.com/grambank/grambank/wiki/Noun-classes-and-classifiers) system in possessive constructions that is not related to other nominal classification systems such as the gender/noun class of the language or numeral classifiers. 

We are concerned with markers that signal the nature of the possessor (possessor classifiers) or the possessum (possessed classifiers). This feature applies to both pronominal/nominal possessors and markers which are [bound or free](https://github.com/grambank/grambank/wiki/Wordhood-and-phonological-boundness-or-independence). Possessive classifiers need not be obligatory, it may also be possible to construct possessive phrases without possessive classifiers.

Differences in the expression of individual, joint, separate and group possession are not relevant here.",GB058 POSSClassifier
GB059,Is the adnominal possessive construction different for alienable and inalienable nouns?,1,Datapoint inherited from Danielsen’s work in the database of South American Indigenous Language Structures (SAILS).,"1. If there are two or more possessive constructions which vary according to the semantic class of the noun being possessed or the nature of the relationship between possessor and possessed,
2. And the difference in the construction does not consist solely of a difference in noun class/gender markers, or other classifier systems such as numeral classifiers that also apply to these categories of nouns in the same way in non-possessive constructions,
3. And the 'inalienable' semantic class associated with one of these strategies contains at least body part terms or at least kinship terms, then code 1.
4. If there are not multiple possessive constructions, or if there are multiple possessive constructions that do not vary based on semantic class of the possessum, code 0.
5. If you code a 1 for this feature, please use the comment field to provide a very brief description of the morphosyntactic distinction between alienable and inalienable possession.","Is there a morpho-syntactic difference in attributive possession that can be ascribed to alienability? 

This feature applies to constructions with both pronominal and nominal possessors. 

Typically, inalienable possession applies to the semantic domains of body parts and kinship, but it is sometimes found in other categories that do not align perfectly with the canonical notion of 'alienability', such as part-whole relationships other than body parts, social relationships other than kinship, or things inherently linked to a person (e.g. a person's voice, mental states, or other attributes).

This feature targets splits in possessive marking where different classes of possessum are associated with different constructions, and where one of those possessum classes includes body parts and/or kinship terms, and possibly other categories that have strong semantic associations with their owners, social relationships, or part-whole relationships.",GB059 POSSAlienability
GB065,What is the pragmatically unmarked order of adnominal possessor noun and possessed noun?,2,Datapoint inherited from Danielsen’s work in the database of South American Indigenous Language Structures (SAILS).,"1. In the pragmatically unmarked order, if the possessor nominal or independent possessor pronoun precedes the possessum, code 1.
2. In the pragmatically unmarked order, if the possessor nominal or independent possessor pronoun follows the possessum, code 2.
3. If both occur, for example if some possessed nouns precede and some follow, or there is a free choice, then code 3.","This feature focuses on the relative order of possessor and possessum (i.e. that which is possessed) in an adnominal possession construction. Coding should take into consideration only those possession constructions that are pragmatically unmarked (e.g. not focus). This feature applies to both nominal possessors and [independent pronominal](https://github.com/grambank/grambank/wiki/Indexing-vs.-pronouns) possessors. [Affixal](https://github.com/grambank/grambank/wiki/Affixes-and-clitics) marking of possession, by contrast, is coded in features [GB430](https://github.com/grambank/Grambank/wiki/GB430)-[GB433](https://github.com/grambank/Grambank/wiki/GB433).",GB065 POSSPosdPosrOrder
GB068,"Do core adjectives (defined semantically as property concepts such as value, shape, age, dimension) act like verbs in predicative position?",1,Datapoint inherited from Danielsen’s work in the database of South American Indigenous Language Structures (SAILS).,"1. Code 1 if most property words used predicatively receive markers which are used on verbs.
2. Code 1 if neither property words nor predicative verbs receive marking.
3. Code 1 if property words receive the same marking as stative verbs.
4. Code 0 if property words are obligatorily accompanied by elements which are not obligatory with verbs.
5. Code 1 if most examples of property words follow this pattern; code 0 if most do not; code ? if property words are split between this and another pattern.","Do property words used as predicates take on verbal morphology? The predicative property word need not take exactly all verbal marking. If there is at least some marking that verbs and predicative property words share, this counts as 1 (for example, if a language has *he runs* and *he greens*). However, if there is additional morphology or there are additional elements that the property word requires, then this feature should be coded as 0. This should apply to most property words in the language. Property words semantically roughly correspond to adjectives in those languages that have a separate adjective word class. We want to include elements that mark ‘adjectival’ function but that might not be described as ‘adjectives’.",GB068 PredAdjLikeV
GB069,"Do core adjectives (defined semantically as property concepts; value, shape, age, dimension) used attributively require the same morphological treatment as verbs?",0,Datapoint inherited from Danielsen’s work in the database of South American Indigenous Language Structures (SAILS).,"1. Code 1 if adnominal property words receive markers which are used on attributive verbs (e.g. participles or relativized verbs).
2. Code 1 if neither adnominal property words nor attributive verbs receive marking.
3. Code 0 if adnominal property words are obligatorily accompanied by elements which are not obligatory with attributive verbs.
4. Code 1 if some adnominal property words follow this pattern whereas others do not.","Do adnominal property words receive the same treatment as verbs when verbs are used attributively, i.e. inside an NP? The adnominal property word need not take exactly all verbal marking. If there is at least some marking that verbal and adnominal property words share, this counts as 1. The result need not be finite: participles count as attributively used verbs. This means that if the language in question forms modifying verbs by participles (*the running man*) and this is the same for adnominal property word roots (*the redding man*), this counts as 1. Property words semantically correspond to adjectives in those languages that have a separate adjective word class. We want to include elements that mark 'adjectival' function but that might not be described as 'adjectives.'",GB069 AttrAdjLikeV
GB070,Are there morphological cases for non-pronominal core arguments (i.e. S/A/P)?,0,Datapoint inherited from Danielsen’s work in the database of South American Indigenous Language Structures (SAILS).,"1. Code 1 if core case is at least sometimes marked on noun phrases by means of bound markers (clitics, affixes, tone, etc.).
2. Code 0 if core argument functions are only marked on noun phrases using phonologically free adpositions. 
3. Code 0 if core argument functions are only indicated by means of constituent order.
4. Code 0 if case marking is not mentioned in the grammar or in the examples. Write 'not mentioned' in the comment column.
5. Code ? if you have reason to believe that the author may have missed case markers or specific case-marking functions of other morphemes.","Morphological case involves any type of case marking (or flagging) that is [phonologically bound](https://github.com/grambank/grambank/wiki/Wordhood-and-phonological-boundness-or-independence) (affixes, clitics, tone, alternation, vowel lengthening, etc.). [Core arguments](https://github.com/grambank/grambank/wiki/Core-arguments-(S,-A-and-P)) are those having S, A or P function. If a bound marker distinguishes S from non-S NPs, this counts for a 1 code. Optional marking and marking with portmanteau morphemes (e.g. a marker both indicates that a noun phrase is plural and that it has P function) also count.",GB070 CoreCaseNoun
GB071,Are there morphological cases for pronominal core arguments (i.e. S/A/P)?,0,Datapoint inherited from Danielsen’s work in the database of South American Indigenous Language Structures (SAILS).,"1. Code 1 if core case can be marked on pronouns using tone, affixation, suppletion, or any other kind of bound marking.  
2. Code 0 if core argument functions are only marked on pronouns with phonologically free adpositions.
3. Code 0 if core argument functions are only indicated using constituent order. 
4. Code 0 if case marking on pronouns is not mentioned in the grammar or in the examples. Write 'not mentioned' in the comment column.
5. Code ? if you have reason to believe that the author may have missed case markers (e.g. because they do not analyze tone) or specific case-marking functions of other morphemes.","This question is about [phonologically independent pronouns](https://github.com/grambank/grambank/wiki/Indexing-vs.-pronouns) only; indexes are irrelevant. Morphological case involves any type of case marking that is [phonologically bound](https://github.com/grambank/grambank/wiki/Wordhood-and-phonological-boundness-or-independence) (affixes, clitics, tone, alternation, vowel lengthening, etc.). Core arguments are those having [S, A or P function](https://github.com/grambank/grambank/wiki/Core-arguments-(S,-A-and-P)). If a bound marker distinguishes S from non-S pronouns, this counts as 1. Optional marking and marking with portmanteau morphemes (e.g. a marker both indicates that a noun phrase is plural and that it has P function) also count.",GB071 CoreCasePRO
GB072,Are there morphological cases for oblique non-pronominal NPs (i.e. not S/A/P)?,1,Datapoint inherited from Danielsen’s work in the database of South American Indigenous Language Structures (SAILS).,"1. Code 1 if an oblique case is marked on nouns or noun phrases using tone, affixation, clitics or any other phonologically bound means.
2. Code 0 if oblique functions are only marked on nouns or noun phrases using phonologically free adpositions.
3. Code 0 if oblique functions are only indicated using constituent order.
4. Code ? if you think there is not enough data or analysis to say whether oblique case is marked on nouns or noun phrases (e.g. because it is not clear whether the marker(s)are phonologically bound, or nothing is mentioned by the author and there are no examples of oblique noun phrases). Mention this in the comment column.","Morphological case involves any type of case marking that is [phonologically bound](https://github.com/grambank/grambank/wiki/Wordhood-and-phonological-boundness-or-independence) (affixes, clitics, tone, alternation, vowel lengthening, etc.). Oblique NPs are NPs having a function other than [S, A or P](https://github.com/grambank/grambank/wiki/Core-arguments-(S,-A-and-P)), e.g. dative, locative, ablative instrumental, comitative, location in time, etc. If a phonologically free adposition agrees in gender, number or person with the noun phrase, it does not count as a case marker for the purpose of this feature. Note that genitive or possessive are not seen as cases for this feature.",GB072 ObliqueCaseNoun
GB073,Are there morphological cases for independent oblique personal pronominal arguments (i.e. not S/A/P)?,1,Datapoint inherited from Danielsen’s work in the database of South American Indigenous Language Structures (SAILS).,"1. Check the grammar's sections on pronouns, case/argument marking, adverbials and simple clauses.
2. Code 1 if oblique case is marked on pronouns using tone, affixation, suppletion, or any other type of bound marking.
3. Code 0 if oblique functions are only marked on pronouns using phonologically free adpositions.
4. Code 0 if oblique functions are only marked using constituent order.
5. Code ? if you think there is not enough data or analysis to say whether oblique case is marked on pronouns (e.g. because it is not clear whether the markers are phonologically bound, or nothing is mentioned by the author and there are no examples of oblique arguments). Mention this in the comment column.","Are phonologically independent personal pronouns morphologically marked for oblique case (i.e. not [S, A or P](https://github.com/grambank/grambank/wiki/Core-arguments-(S,-A-and-P)))? Morphological case involves any type of case marking (or flagging) that is [phonologically bound](https://github.com/grambank/grambank/wiki/Wordhood-and-phonological-boundness-or-independence) (affixes, clitics, tone, alternation, vowel lengthening, etc.). Suppletion also counts as case marking for this feature. Oblique NPs are NPs having a function other than S, A or P, e.g. dative, locative, ablative, instrumental, comitative, location in time, etc. Note that genitive or possessive are not seen as cases for this feature.",GB073 ObliqueCasePRO
GB074,Are there prepositions?,1,Datapoint inherited from Danielsen’s work in the database of South American Indigenous Language Structures (SAILS).,"1. Code 1 if the grammar mentions prepositions or prepositional proclitics in the language and there is no evidence (in examples) that the author's definition of preposition conflicts with the definition used in Grambank. If the prepositions are phonologically bound, mention this in the comment column.
2. Code 1 if you find examples of prepositions or prepositional proclitics in the language. If the prepositions are phonologically bound, mention this in the comment column.
3. Code 0 if a grammar mentions postpositions or postpositional enclitics, but no prepositions or postpositional proclitics.
4. Code 0 if a grammar mentions that there are no prepositions in the language.
5. Code 0 if a comprehensive grammar does not mention any prepositions in its sections on noun phrases, argument marking, adverbials, or adpositions.
6. Code ? if you suspect that the grammar may have missed that there are preposition in the language (e.g. because it is very short or does not have a comprehensive description of the noun phrase).","A preposition indicates the relationship of a noun phrase to the verb in a clause. This relationship could be circumstantial (e.g. locative, temporal, etc.) or a [core argument function (S, A or P)](https://github.com/grambank/grambank/wiki/Core-arguments-(S,-A-and-P)). A preposition precedes the noun phrase it occurs with. Proclitics with this function count as prepositions in Grambank. This means that [phonological boundness](https://github.com/grambank/grambank/wiki/Wordhood-and-phonological-boundness-or-independence) is not relevant to this question. Circumpositions count both as prepositions and as postpositions. Inpositions (which occur somewhere in between words in a noun phrase) do not count as prepositions. Nouns that express the function of an adposition in a possessive construction (e.g. ***inside** of the car* to mean 'in the car') only count if they are visibly grammaticalized and no longer fully behave like nouns. If there is only one preposition, this is enough for a 1 here.",GB074 Prepositions
GB075,Are there postpositions?,1,Datapoint inherited from Danielsen’s work in the database of South American Indigenous Language Structures (SAILS).,"1. Code 1 if the grammar mentions free postpositions or postpositional enclitics in the language and there is no evidence (in examples) that the author's definition of 'postposition' conflicts with the one used in Grambank. If the postpositions are phonologically bound, mention this in the comment column.
2. Code 1 if you find examples of free postpositions or postpositional enclitics in the language. If the postpositions are phonologically bound, mention this in the comment column.
3. Code 0 if a grammar mentions free prepositions or prepositional proclitics, but no free postpositions or postpositional enclitics.
4. Code 0 if a grammar mentions that there are no postpositions in the language.
5. Code 0 if a comprehensive grammar does not mention any postpositions in its sections on noun phrases, argument marking, adverbials, or adpositions.
6. Code ? if you suspect that the grammar may have missed that there are postpositions in the language (e.g. because it is very short or does not have a comprehensive description of the noun phrase).","A postposition indicates the relationship of a noun phrase to the verb in a clause. This relationship could be circumstantial (e.g. locative, temporal, etc.) or a [core argument function (S, A or P)](https://github.com/grambank/grambank/wiki/Core-arguments-(S,-A-and-P)). A postposition follows the noun phrase it occurs with. Enclitics with this function count as postpositions in Grambank. This means that [phonological boundness](https://github.com/grambank/grambank/wiki/Wordhood-and-phonological-boundness-or-independence) is not relevant to this question. Circumpositions count as both postpositions and prepositions. Inpositions (which occur somewhere in between words in a noun phrase) do not count as postpositions. Nouns that express the function of an adposition in a possessive construction (e.g. ***inside** of the car* to mean 'in the car') only count if they are visibly grammaticalized and no longer fully behave like nouns. If there is only one postposition, this is enough for a 1 here.",GB075 Postpositions
GB079,"Do verbs have prefixes/proclitics, other than those that only mark A, S or P (do include portmanteau: A & S + TAM)?",1,Datapoint inherited from Danielsen’s work in the database of South American Indigenous Language Structures (SAILS).,"1. Code 1 if the source mentions a phonologically bound prefix or proclitic on the verb which marks something other than [S, A or P](https://github.com/grambank/grambank/wiki/Core-arguments-(S,-A-and-P)). 
2. Code 1 if there is no information on phonological (in)dependence but the prefix or proclitic is orthographically bound to the verb. Add a comment that your analysis is based on orthography here. 
3. Code 1 if you identify a phonologically bound prefix or proclitic in the examples/texts provided in a source.
4. Code 0 if the outcome of affixation is not a verb.
5. Code 0 if a source mentions that there are no prefixes or proclitics on the verb.
6. Code ? if there are examples that contain potential markers but their analysis remains inconclusive.","These [prefixes or proclitics](https://github.com/grambank/grambank/wiki/Affixes-and-clitics) could have a variety of functions, marking TAME, functioning as verbal derivation markers, as inverse markers, relative markers, etc. Only [indexes](https://github.com/grambank/grambank/wiki/Indexing-vs.-pronouns) dedicated to core argument marking do not count. The end result has to be a finite verb and cannot, for example, be a deverbal noun or an adverb. Grambank counts the separate elements of circumfixes as affixes. If one of the elements of a circumfix precedes the host it attaches to, we treat it as a prefix. If one of the elements of a circumfix follows the host it attaches to, we treat it as a suffix.",GB079 VPrefixing
GB080,"Do verbs have suffixes/enclitics, other than those that only mark A, S or P (do include portmanteau: A & S + TAM)?",1,Datapoint inherited from Danielsen’s work in the database of South American Indigenous Language Structures (SAILS).,"1. Code 1 if the source mentions a phonologically bound suffix or enclitic on the verb which marks something other than [A, S or P](https://github.com/grambank/grambank/wiki/Core-arguments-(S,-A-and-P)). 
2. Code 1 if there is no information on phonological (in)dependence but the suffix or enclitic is orthographically bound to the verb. Add a comment that your analysis is based on orthography here. 
3. Code 1 if you identify a phonologically bound suffix or enclitic in the examples/texts provided in a source.
4. Code 0 if the outcome of affixation is not a verb.
5. Code 0 if a source mentions that there are no suffixes or enclitics on the verb.
6. Code ? if there are examples that contain potential markers but their analysis remains inconclusive.","These [suffixes or enclitics](https://github.com/grambank/grambank/wiki/Affixes-and-clitics) could have a variety of functions, marking TAME, functioning as verbal derivation markers, as inverse markers, relative markers, etc. Only [indexes](https://github.com/grambank/grambank/wiki/Indexing-vs.-pronouns) dedicated to core argument marking do not count. The end result has to be a finite verb and cannot, for example, be a deverbal noun or an adverb. Grambank counts the separate elements of circumfixes as affixes. If one of the elements of a circumfix precedes the host it attaches to, we treat it as a prefix. If one of the elements of a circumfix follows the host it attaches to, we treat it as a suffix.",GB080 VSuffixing
GB081,Is there productive infixation in verbs?,0,Datapoint inherited from Danielsen’s work in the database of South American Indigenous Language Structures (SAILS).,"1. Code 1 if there is at least one productive, grammatically meaningful infix mentioned in the verbal domain. Such infixes may be used for derivational meanings as well as aspectual or voice-changing functions, so grammar sections that describe these functions should be examined for evidence of infixation.
2. Code 0 if infixing reduplication is described in verbs but no non-reduplicative infixes are mentioned. If you find evidence of infixing reduplication in verbs please leave a comment to note the presence of this reduplication pattern.
3. Code 0 if no infixes are mentioned, if only a small number of non-productive infixes are mentioned, or if the only evidence of infixation consists of fossilized forms.","This feature targets the existence of [affixation](https://github.com/grambank/grambank/wiki/Affixes-and-clitics) that is stem-internal, [productive](https://github.com/grambank/grambank/wiki/Productivity), and dedicated to one or more specific grammatical functions. If the only infixation process described for a language involves reduplication, please code 0 but be sure to note in the comments field that infixing reduplication is present. For the purposes of this feature tonal alternations are not considered to be a form of infixation, nor are 'vocalic melodies' as in Semitic languages; these phenomena should be disregarded in coding this feature. Note that the terms 'stem' and 'infix' may be used differently across some grammar writing traditions, so care must be taken to examine the structure of relevant forms rather than relying on the use of these terms. Here we are interested in infixes that occur internal to the base form of a verb that is held in common across inflected forms (called the 'stem' here), rather than affixes that occur between a verb's root or stem and some inflectional affix(es) or clitic(s).",GB081 VInfix
GB082,Is there overt morphological marking of present tense on verbs?,0,Datapoint inherited from Danielsen’s work in the database of South American Indigenous Language Structures (SAILS).,"1. Find the section discussing tense in the grammatical description.
2. If present tense is not explicitly defined, check the description of the other tenses (if there are any).
3. Code 1 if present tense can be marked on the verb by an affix or clitic, suppletion, tonal marking or reduplication.
4. Code 1 if present tense can be marked by a combination of morphology and an auxiliary or particle. In these cases, also code 1 for [GB121](https://github.com/grambank/grambank/wiki/GB121) on tense auxiliaries and/or [GB521](https://github.com/grambank/grambank/wiki/GB521) on tense particles.
4. If present tense is only marked by the absence of other markers, code 0.
5. If the language is described as having a non-past tense and it is overtly marked, code it as 1 for this feature (GB082), but as 0 for the feature on future tense marking [GB084](https://github.com/grambank/Grambank/wiki/GB084). (Granted that marking is morphological, not with a free-standing marker.)","This question aims to capture productive paradigms of overt tense marking. 'Morphological marking on the verb' means that the marker has to form a [phonological unit](https://github.com/grambank/grambank/wiki/Wordhood-and-phonological-boundness-or-independence) with the verb. The marking of tense can involve affixes, clitics, suppletion, tonal marking and/or reduplication. This feature aims to capture overt marking of present tense on the verb. Lack of other marking is not enough. There are instances where TAM can be expressed by a combination of an affix and auxiliary or particle. For example some grammarians state that present tense is expressed by a certain aspect on the verbal root and an auxiliary. If this is a [productive](https://github.com/grambank/grambank/wiki/Productivity) and [obligatory](https://github.com/grambank/grambank/wiki/Obligatoriness) way of expressing present tense then such a construction triggers 1 for both this feature (GB082) and the feature on tense auxiliaries ([GB121](https://github.com/grambank/Grambank/wiki/GB121)). If not all parts of the discontinuous marking are necessary for expressing present tense, then only consider the marking that is obligatory.

Sometimes a language is described as having a past/non-past distinction. In this case, if there is an overt marker of non-past code the language as 1 for this feature (GB082), but 0 for the feature on future tense [GB084](https://github.com/grambank/Grambank/wiki/GB084). Future tense needs to be more dedicated to actual future reference, whereas present tense has less strict demands on the scope of its function. This situation is mirrored for future/non-future which results in a 1 for GB082 and GB084 but a 0 for GB083 (if both have over markers). It is however not acceptable for a present tense marker to occur in both future and past contexts.

If there is a tense system with a ""hodiernal"" category, i.e ""the day of speaking"", that also includes past events of the same day, this is permissible to code as a present tense marker.",GB082 PresentBoundV
GB083,Is there overt morphological marking on the verb dedicated to past tense?,0,Datapoint inherited from Danielsen’s work in the database of South American Indigenous Language Structures (SAILS).,"1. Find the section discussing tense in the grammatical description.
2. If past tense is not explicitly defined, check the descriptions of the other tenses and moods (if there are any).
3. Code 1 if past tense can be marked on the verb by an affix or clitic, suppletion, tonal marking or reduplication.
4. Code 1 if past tense can be marked by a combination of morphology and an auxiliary or particle. In these cases, also code 1 for [GB121](https://github.com/grambank/grambank/wiki/GB121) on tense auxiliaries and/or [GB521](https://github.com/grambank/grambank/wiki/GB521) on tense particles.
5. If past tense is only marked by the absence of other markers, code 0.","This question aims to capture [productive](https://github.com/grambank/grambank/wiki/Productivity) paradigms of overt tense marking. ‘Morphological marking on the verb’ means that the marker has to form a [phonological unit](https://github.com/grambank/grambank/wiki/Wordhood-and-phonological-boundness-or-independence) with the verb. The marking of tense can involve affixes, clitics, suppletion, tonal marking and/or reduplication. This feature aims to capture overt marking of past tense on the verb. Lack of other marking is not enough. There are instances where TAM can be expressed by a combination of an affix and auxiliary or particle. For example some grammarians state that past tense is expressed by a certain aspect on the verbal root and an auxiliary. If this is a [productive](https://github.com/grambank/grambank/wiki/Productivity) and [obligatory](https://github.com/grambank/grambank/wiki/Obligatoriness) way of expression past tense then this construction triggers 1 for both this feature (GB083) and the feature on tense auxiliaries ([GB121](https://github.com/grambank/Grambank/wiki/GB121)). If the marking of past tense is accomplished by more than one marker and at least one is bound, code 1. If not all parts of the discontinuous marking are necessary for expressing past tense, then only consider the marking that is obligatory.

The past tense marker should be dedicated to past tense and not also mark perfective aspect, present, or future. A non-future marker is not enough for a 1 here.",GB083 PastBoundV
GB084,Is there overt morphological marking on the verb dedicated to future tense?,0,Datapoint inherited from Danielsen’s work in the database of South American Indigenous Language Structures (SAILS).,"1. Find the section discussing tense in the grammatical description.
2. If future tense is not explicitly defined, check the description of the other tenses and moods (if there are any).
3. Code 1 if future tense can be marked on the verb by an affix or clitic, suppletion, tonal marking or reduplication.
4. Code 1 if future tense can be marked by a combination of morphology and an auxiliary or particle. In these cases, also code 1 for [GB121](https://github.com/grambank/grambank/wiki/GB121) on tense auxiliaries and/or [GB521](https://github.com/grambank/grambank/wiki/GB521) on tense particles.
4. If future tense is only marked by the absence of other markers, code 0.
5. If the language is described as having a non-past tense and it is overtly marked, code it as 0 for this feature (GB084) but as 1 for [GB082](https://github.com/grambank/Grambank/wiki/GB082).","This question aims to capture [productive](https://github.com/grambank/grambank/wiki/Productivity) paradigms of overt tense marking. 'Morphological marking on the verb' means that the marker has to form a [phonological unit](https://github.com/grambank/grambank/wiki/Wordhood-and-phonological-boundness-or-independence) with the verb. The marking of tense can involve affixes, clitics, suppletion, tonal marking and/or reduplication. This feature aims to capture overt marking of future tense on the verb. Lack of other marking is not enough. There are instances where TAM can be expressed by a combination of an affix and an auxiliary or particle. For example, some grammarians state that future tense is expressed by a certain marker on the verbal root and an auxiliary. If this is a [productive](https://github.com/grambank/grambank/wiki/Productivity) and [obligatory](https://github.com/grambank/grambank/wiki/Obligatoriness) way of expressing future tense then this construction triggers 1 for both this feature (GB084) and the feature on tense auxiliaries ([GB121](https://github.com/grambank/Grambank/wiki/GB121)). If not all parts of the discontinuous marking are necessary for expressing future tense, only consider the marking that is obligatory.

Sometimes a language will be described as having a past/non-past distinction. In this case, if there is an overt marker of non-past code the language as 1 for the feature on present tense ([GB082](https://github.com/grambank/Grambank/wiki/GB082)), but 0 for this feature (GB084). Future tense needs to be more dedicated to actual future reference, whereas present tense has less strict demands on the scope of its function.

It can be hard to distinguish future tense from different modal categories, after all if something is in the future it has not yet occurred and can be construed as something wished for, planned, intended, etc. For this reason, it is necessary to pay particular attention to sections on mood, especially irrealis, when coding for future tense.

If a language only has future tense under negation, this does not count for this feature. It needs to be present for affirmation as well. The reason for this is that conditions such as 'only under negation' are likely to give rise to quite different analysis by different linguists (hence it is hard to ensure comparability) and might also be overlooked. If we were to treat such marginal cases as triggering 1 we would most likely have to go back to a lot of the cases that were coded as 0 and re-evaluate their coding more thoroughly.",GB084 FutureBoundV
GB086,Is a morphological distinction between perfective and imperfective aspect available on verbs?,0,Datapoint inherited from Danielsen’s work in the database of South American Indigenous Language Structures (SAILS).,"1. Code 1 if perfective or imperfective aspect can be marked on the verb by an affix or clitic, suppletion, tonal marking or reduplication.
2. If only perfective aspect or only imperfective aspect is overly marked, code 1.
3. If there is no marking of aspect at all, code 0.
4. If it is not possible to tease apart present tense and imperfective, and that is the only possible relevant construction in the language for this feature, code as ?.","This feature is concerned with [phonologically bound](https://github.com/grambank/grambank/wiki/Wordhood-and-phonological-boundness-or-independence) marking of imperfective and perfective grammatical aspects. These categories could go by the name of punctual and continuous, preterit and progressive, etc. The answer could be 1 even if only one of these is overtly marked, e.g. if the imperfective is marked by an affix and the perfective is marked by an auxiliary. 

There are instances where TAM can be expressed by a combination of an affix and auxiliary or particle. For example, some grammarians state that the imperfective aspect is expressed by a certain form on the verbal root and an auxiliary. If this is a [productive](https://github.com/grambank/grambank/wiki/Productivity) and [obligatory](https://github.com/grambank/grambank/wiki/Obligatoriness) way of expressing imperfective aspect then such a construction triggers 1 for both this feature (GB086) and the feature on aspectual auxiliaries ([GB120](https://github.com/grambank/Grambank/wiki/GB120) and/or [GB520](https://github.com/grambank/Grambank/wiki/GB520)). If not all parts of the discontinuous marking are necessary for expressing imperfective aspect, then only consider the marking that is obligatory.

Please take notice that this feature (GB086) and the features on aspectual auxiliaries [GB120](https://github.com/grambank/Grambank/wiki/GB120) and particles [GB520](https://github.com/grambank/Grambank/wiki/GB520) do not cover exactly the same functions. The features on auxiliaries and particles cover more grammatical aspects than just perfective and imperfective. 

If this distinction is only available in some TAM-conditions, this counts as well. For example, if there is no aspectual distinction in the past but it only exists in the present, this still triggers a 1.",GB086 AspectBoundV
GB089,Can the S argument be indexed by a suffix/enclitic on the verb in the simple main clause?,1,Datapoint inherited from Danielsen’s work in the database of South American Indigenous Language Structures (SAILS).,"1. Consider the section in the grammar that deals with verbal morphology, specifically the subsections on (pronominal) agreement or argument cross-referencing.
2. Code 1 if there is a phonologically bound element that indexes the S argument on the verb or auxiliary. The index needs to follow the verbal host it is bound to.
3. If there is some variation in the position of the S index conditioned by the verb (e.g. most verbs code the S argument with a suffix, but a couple use a prefix, this might be the case in the so-called split-S/stative-active languages), consider only the patterns which occur with large classes of verbs.
4. If the verb shows overt indexing only with some arguments (e.g. only with animate arguments or only with first person singular arguments, the situation known as differential argument indexing), this still counts as 1.
5. If the S argument is indexed but not by a suffix or enclitic, code 0.
6. If there is no indexing of the S argument, code 0.
7. If only a small set of verbs (fewer than a dozen) indexes S arguments, code 0.
8. Ignore all other ways of indexing arguments (e.g. via a stem alternation, stress or tone), they are not covered by any of the Grambank features.","Is there a [phonologically bound](https://github.com/grambank/grambank/wiki/Wordhood-and-phonological-boundness-or-independence) [S argument](https://github.com/grambank/grambank/wiki/Core-arguments-(S,-A-and-P)) [index](https://github.com/grambank/grambank/wiki/Indexing-vs.-pronouns) that follows its verbal host (i.e. attaches to it as a [suffix or an enclitic](https://github.com/grambank/grambank/wiki/Affixes-and-clitics))?",GB089 S-ArgSfxV
GB090,Can the S argument be indexed by a prefix/proclitic on the verb in the simple main clause?,1,Datapoint inherited from Danielsen’s work in the database of South American Indigenous Language Structures (SAILS).,"1. Consider the section in the grammar that deals with verbal morphology, specifically the sections on (pronominal) agreement or argument cross-referencing.
2. Code 1 if there is a phonologically bound element that indexes the S argument on the verb or auxiliary. The index needs to precede the verbal host it is bound to.
3. If there is some variation in the position of the S index conditioned by the verb (e.g. most verbs code the S argument with a suffix, but a couple use a prefix, this might be the case in the so-called split-S/stative-active languages), consider only the patterns which occur with large classes of verbs.
4. If the verb shows overt indexing only with some arguments (e.g. only with animate arguments or only with first person singular arguments, the situation known as differential argument indexing), this still counts as 1.
5. If the S argument is indexed but not by a prefix or proclitic, code 0.
6. If there is no indexing of the S argument, code 0.
7. If only a small set of verbs (fewer than a dozen) indexes S arguments, code 0.
8. Ignore all other ways of indexing arguments (e.g. via a stem alternation, stress or tone), they are not covered by any of the Grambank features.","Is there a [phonologically bound](https://github.com/grambank/grambank/wiki/Wordhood-and-phonological-boundness-or-independence) [S argument](https://github.com/grambank/grambank/wiki/Core-arguments-(S,-A-and-P)) [index](https://github.com/grambank/grambank/wiki/Indexing-vs.-pronouns) that precedes its verbal host (i.e. attaches to it as a [prefix or a proclitic](https://github.com/grambank/grambank/wiki/Affixes-and-clitics))?",GB090 S-ArgPfxV
GB091,Can the A argument be indexed by a suffix/enclitic on the verb in the simple main clause?,0,Datapoint inherited from Danielsen’s work in the database of South American Indigenous Language Structures (SAILS).,"1. Consider the section in the grammar that deals with verbal morphology, specifically the subsections on (pronominal) agreement or argument cross-referencing.
2. Code 1 if there is a phonologically bound element that indexes the A argument on the verb or auxiliary. The index needs to follow the verbal host it is bound to.
3. If there is some variation in the position of the A index conditioned by the verb (e.g. most verbs code the A argument with a suffix, but a couple use a prefix), consider only the patterns which occur with large classes of verbs.
4. If the verb shows overt indexing only with some arguments (e.g. only with animate arguments or only with first person singular arguments, the situation known as differential argument indexing), this still counts as 1.
5. If the A argument is indexed but not by a suffix or enclitic, code 0.
6. If there is no indexing of the A argument, code 0.
7. If only a small set of verbs (fewer than a dozen) indexes A arguments, code 0.
8. Ignore all other ways of indexing arguments (e.g. via a stem alternation, stress or tone), they are not covered by any of the Grambank features.","Is there a [phonologically bound](https://github.com/grambank/grambank/wiki/Wordhood-and-phonological-boundness-or-independence) [A argument](https://github.com/grambank/grambank/wiki/Core-arguments-(S,-A-and-P)) [index](https://github.com/grambank/grambank/wiki/Indexing-vs.-pronouns) that follows its verbal host (i.e. attaches to it as a [suffix or an enclitic](https://github.com/grambank/grambank/wiki/Affixes-and-clitics))?",GB091 A-ArgSfxV
GB092,Can the A argument be indexed by a prefix/proclitic on the verb in the simple main clause?,1,Datapoint inherited from Danielsen’s work in the database of South American Indigenous Language Structures (SAILS).,"1. Consider the section in the grammar that deals with verbal morphology, specifically the subsections on (pronominal) agreement or argument cross-referencing.
2. Code 1 if there is a phonologically bound element that indexes the A argument on the verb or auxiliary. The index needs to precede the verbal host it is bound to.
3. If there is some variation in the position of the A index conditioned by the verb (e.g. most verbs code the A argument with a suffix, but a couple use a prefix), consider only the patterns which occur with large classes of verbs.
4. If the verb shows overt indexing only with some arguments (e.g. only with animate arguments or only with first person singular arguments, the situation known as differential argument indexing), this still counts as 1.
5. If the A argument is indexed but not by a prefix or proclitic, code 0.
6. If there is no indexing of the A argument, code 0.
7. If only a small set of verbs (fewer than a dozen) indexes A arguments, code 0.
8. Ignore all other ways of indexing arguments (e.g. via a stem alternation, stress or tone), they are not covered by any of the Grambank features.","Is there a [phonologically bound](https://github.com/grambank/grambank/wiki/Wordhood-and-phonological-boundness-or-independence) [A argument](https://github.com/grambank/grambank/wiki/Core-arguments-(S,-A-and-P)) [index](https://github.com/grambank/grambank/wiki/Indexing-vs.-pronouns) that precedes its verbal host (i.e. attaches to it as a [prefix or a proclitic](https://github.com/grambank/grambank/wiki/Affixes-and-clitics))?",GB092 A-ArgPfxV
GB093,Can the P argument be indexed by a suffix/enclitic on the verb in the simple main clause?,1,Datapoint inherited from Danielsen’s work in the database of South American Indigenous Language Structures (SAILS).,"1. Consider the section in the grammar that deals with verbal morphology, specifically the subsections on (pronominal) agreement or argument cross-referencing.
2. Code 1 if there is a phonologically bound element that indexes the P argument on the verb or auxiliary. The index needs to follow the verbal host it is bound to.
3. If there is some variation in the position of the P index conditioned by the verb (e.g. most verbs code the A argument with a suffix, but a couple use a prefix), consider only the patterns which occur with large classes of verbs.
4. If the verb shows overt indexing only with some arguments (e.g. only with animate arguments or only with first person singular arguments, the situation known as differential argument indexing), this still counts as 1.
5. If the P argument is indexed but not by a suffix or enclitic, code 0.
6. If there is no indexing of the P argument, code 0.
7. If only a small set of verbs (fewer than a dozen) indexes P arguments, code 0.
8. Ignore all other ways of indexing arguments (e.g. via a stem alternation, stress or tone), they are not covered by any of the Grambank features.","Is there a [phonologically bound](https://github.com/grambank/grambank/wiki/Wordhood-and-phonological-boundness-or-independence) [P argument](https://github.com/grambank/grambank/wiki/Core-arguments-(S,-A-and-P)) [index](https://github.com/grambank/grambank/wiki/Indexing-vs.-pronouns) that follows its verbal host (i.e. attaches to it as a [suffix or an enclitic](https://github.com/grambank/grambank/wiki/Affixes-and-clitics))?",GB093 P-ArgSfxV
GB094,Can the P argument be indexed by a prefix/proclitic on the verb in the simple main clause?,0,Datapoint inherited from Danielsen’s work in the database of South American Indigenous Language Structures (SAILS).,"1. Consider the section in the grammar that deals with verbal morphology, specifically the subsections on (pronominal) agreement or argument cross-referencing.
2. Code 1 if there is a phonologically bound element that indexes the P argument on the verb or auxiliary. The index needs to precede the verbal host it is bound to.
3. If there is some variation in the position of the P index conditioned by the verb (e.g. most verbs code the A argument with a suffix, but a couple use a prefix), consider only the patterns which occur with large classes of verbs.
4. If the verb shows overt indexing only with some arguments (e.g. only with animate arguments or only with first person singular arguments, the situation known as differential argument indexing), this still counts as 1.
5. If the P argument is indexed but not by a prefix or proclitic, code 0.
6. If there is no indexing of the P argument, code 0.
7. If only a small set of verbs (fewer than a dozen) indexes P arguments, code 0.
8. Ignore all other ways of indexing arguments (e.g. via a stem alternation, stress or tone), they are not covered by any of the Grambank features.","Is there a [phonologically bound](https://github.com/grambank/grambank/wiki/Wordhood-and-phonological-boundness-or-independence) [P argument](https://github.com/grambank/grambank/wiki/Core-arguments-(S,-A-and-P)) [index](https://github.com/grambank/grambank/wiki/Indexing-vs.-pronouns) that precedes its verbal host (i.e. attaches to it as a [prefix or a proclitic](https://github.com/grambank/grambank/wiki/Affixes-and-clitics))?",GB094 P-ArgPfxV
GB095,Are variations in marking strategies of core participants based on TAM distinctions?,0,Datapoint inherited from Danielsen’s work in the database of South American Indigenous Language Structures (SAILS).,"1. Consider the flagging of the [core arguments](https://github.com/grambank/grambank/wiki/Core-arguments-(S,-A-and-P)) in the language (coded in [GB408](https://github.com/grambank/Grambank/wiki/GB408), [GB409](https://github.com/grambank/Grambank/wiki/GB409), and [GB410](https://github.com/grambank/Grambank/wiki/GB410)). Is there any variation in the flagging of either S, A, or P which is determined by TAM categories (e.g. certain cases are used only in the perfective but not in the imperfective)? Code 1 if this is the case. Specifically look for such terms as *split ergative/ergativity* and *differential subject marking*.
2. Consider the indexing patterns of the language (coded in [GB089](https://github.com/grambank/Grambank/wiki/GB089)–[GB094](https://github.com/grambank/Grambank/wiki/GB409)). Is there any variation in the indexing of either S, A, or P which is determined by TAM categories? Code 1 for any difference in the form of the respective markers if this result in different alignment patterns. Also code 1 for variation in the position of indexes (prefix/proclitic vs. suffix/clitic), even if the overall alignment pattern remains the same.
3. Code 0 if there is no variation in indexing or flagging according to TAM distinctions.
4. Code 0 if TAM marking results in merely different allomorphs of person/number indexes in the same position, so that both the overall alignment pattern and the position of markers remain the same. For the purposes of this question, the alternation between zero and overt indexes in some TAM contexts does not count (code as 0).","Marking strategies of core participants include both marking by [indexing](https://github.com/grambank/Grambank/wiki/Indexing-vs.-pronouns) and by flagging (i.e. case or adposition marking). Variations in marking strategies include both variations in the alignment patterns and variations in position (e.g. suffixing vs. prefixing) in case of indexes. This question includes some of the cases referred to as (alignment) split in the literature. 
Merely different allomorphs of person/number indexes in the same position do not count. 
Polarity (i.e. positive vs. negative distinction) does not count as a TAM category. 
Any variation of indexing in the imperative does not count either.",GB095 CaseSplitTAM
GB096,Are variations in marking strategies of core participants based on verb classes?,1,Datapoint inherited from Danielsen’s work in the database of South American Indigenous Language Structures (SAILS).,"1. Consider the flagging patterns of the language (coded in [GB408](https://github.com/grambank/Grambank/wiki/GB408), [GB409](https://github.com/grambank/Grambank/wiki/GB409), and [GB410](https://github.com/grambank/Grambank/wiki/GB410)). Identify whether there is any variation in the flagging of either [S, A, or P](https://github.com/grambank/grambank/wiki/Core-arguments-(S,-A-and-P)) that is determined by verb classes.
2. If there is variation in flagging, consider whether the respective verb classes are of substantial size. If the classes are substantially large, code 1 in the following cases: Code 1 if there are differences in the form of the respective markers which result in different alignment patterns. Code 1 if there is a variation in the position of indexes (prefix/proclitic vs. suffix/clitic), even if the overall alignment pattern remains the same.
3. Consider the indexing patterns of the language (coded in [GB089](https://github.com/grambank/Grambank/wiki/GB089)–[GB094](https://github.com/grambank/Grambank/wiki/GB409), and [GB410](https://github.com/grambank/Grambank/wiki/GB094)). Consider whether there are any differences in the form of the respective indexes. Specifically look for such terms as *active(-inactive)*, *agentive-patientive*, *stative-active alignment* or *split-S* and consider the respective verb classes. Look for cases of *non-canonical argument marking* and consider the respective verb classes.
4. If there is variation in indexing, consider whether the differences in indexing result in different alignment patterns or whether there is a variation in the position of indexes (prefix/proclitic vs. suffix/clitic). If the answer to either of these questions is positive, consider whether the respective verb classes are of substantial size. If the classes are substantially large, code 1.
5. Ignore mere variations in the phonological form of indexes conditioned by various [conjugation classes](https://github.com/grambank/Grambank/wiki/GB111). 
6. Ignore the relatively common situation where some verb classes do not allow any indexing. This is not sufficient for 1.","Marking strategies include both marking by [indexing](https://github.com/grambank/Grambank/wiki/Indexing-vs.-pronouns) and by flagging. The distinction between intransitive and transitive verbs is not included here. 
Variations in marking strategies include both variations in the alignment patterns and variations in position (e.g. suffixing vs. prefixing) in case of indexes. 
Mere differences in forms of the indexes triggered by various conjugation classes are not sufficient for 1. 
For a language to be coded 1 the respective verb classes need to be of a substantial size (several dozen verbs or more) and ideally represent a [productive](https://github.com/grambank/grambank/wiki/Productivity) pattern. 
The presence of small verb classes whose members are often exhaustively listed in a descriptive grammar and are presented as exceptional patterns does not qualify as 1.
The patterns of interest are more common with intransitive verbs and include cases of the so-called active-inactive alignment (or simply: active, agentive-patientive or stative-active) in cases of differentially marked [S arguments](https://github.com/grambank/grambank/wiki/Core-arguments-(S,-A-and-P)). Some grammars use the terms unergative-unaccusative verbs. The pattern of interest is, however, not restricted to the S argument. Variations in marking of [A and P arguments](https://github.com/grambank/grambank/wiki/Core-arguments-(S,-A-and-P)) are also included.",GB096 CaseSplitVerbClass
GB098,Are variations in marking strategies of core participants based on person distinctions?,0,Datapoint inherited from Danielsen’s work in the database of South American Indigenous Language Structures (SAILS).,"1. Consider whether there is any variation in the form of the argument indexes on the verb (coded in [GB089](https://github.com/grambank/Grambank/wiki/GB089)–[GB094](https://github.com/grambank/Grambank/wiki/GB094)) related to the person of arguments (first vs. second vs. third).
2. If there is some variation, code 1 if this results in different alignment patterns. 
3. Code 1 if the position of indexes differs (prefix/proclitic vs. suffix/clitic), even if the overall alignment pattern remains the same.
4. The alternation between zero marking indexing for some persons and overt indexing for other persons does not suffice for 1.
5. Consider flagging. Code 1 if case/adposition marking of S, A, or P arguments (coded in [GB408](https://github.com/grambank/Grambank/wiki/GB408), [GB409](https://github.com/grambank/Grambank/wiki/GB409), and [GB410](https://github.com/grambank/Grambank/wiki/GB410)) varies according to the person of the marked argument.
6. Code 0 if there is no variation in indexing or flagging according to person, even if other referential properties of arguments, such as animacy, number, pronominal vs. nominal status, matter.
7. Code 0 if person distinctions only trigger different overt allomorphs of flagging or indexing, but the overall alignment pattern and the position of the markers remains the same.",Marking strategies of core participants include both marking by [indexing](https://github.com/grambank/Grambank/wiki/Indexing-vs.-pronouns) and by flagging (i.e. case or adposition marking). Variations in marking strategies include both variations in the alignment patterns and variations in position (e.g. suffixing vs. prefixing) in case of indexes. Mere differences in forms of the indexes triggered by various conjugation classes are not sufficient for a 1. This question includes cases referred to as person-based (alignment) split and hierarchical alignment in the literature.,GB098 CaseSplitPerson
GB099,Can verb stems alter according to the person of a core participant?,0,Datapoint inherited from Danielsen’s work in the database of South American Indigenous Language Structures (SAILS).,"1. Code 1 if at least three verb stems vary according to the person of S, A, and/or P arguments.
2. Code 1 if the grammar does not list the verbs but says that there are some/a few/several/couple of them.
3. Code 0 if only one or two examples are provided. Add a comment.","Do some verbs have two or more suppletive allomorphs whose distribution is conditioned by the person of an [S, A, or P](https://github.com/grambank/grambank/wiki/Core-arguments-(S,-A-and-P)) argument? 
Suppletive allomorphs are allomorphs which are not similar in pronunciation, i.e. they cannot be related to each other by morpho-phonological rules.
This question covers strong suppletion, weak suppletion, and ablaut. 
There must be at least **three** such verbs to code 1 for this feature.",GB099 VSupplPerson
GB103,Is there a benefactive applicative marker on the verb (including indexing)?,0,Datapoint inherited from Danielsen’s work in the database of South American Indigenous Language Structures (SAILS).,"1. Look up the sections on verbal morphology, indexing and argument structure, and adverbial modifiers.
2. If there are no such sections, search for the words 'give', 'receive', 'recipient', 'benefactive' and 'applicative'.
3. If the language has a way to index a beneficiary on verbs, code 1.
4. If the language has a way to mark on the verb that an action has a beneficiary, code 1.
5. If the language does not have a benefactive marker on verbs and does not index beneficiaries on verbs, code 0.
6. If the grammar comprehensively describes verbal morphology but does not mention the coding of beneficiaries, code 0.
7. If there is not enough information in the grammar to understand how beneficiaries are coded, code ?.","This question concerns a [phonologically bound](https://github.com/grambank/grambank/wiki/Wordhood-and-phonological-boundness-or-independence) verbal marker that signals that the verb has a beneficiary. The marker could be analyzed in the language-specific case as voice, [indexing](https://github.com/grambank/grambank/wiki/Indexing-vs.-pronouns) or a 'bound pronoun'. In some languages, applicative markers may be used to topicalize, focalize or background a beneficiary. This type of marking also counts for this feature. The marker does not have to index the beneficiary. Autobenefactive markers do not count and serial verb constructions that include a benefactive verb (typically 'give') do not count.",GB103 BenefApplBoundV
GB104,Is there an instrumental applicative marker on the verb (including indexing)?,0,Datapoint inherited from Danielsen’s work in the database of South American Indigenous Language Structures (SAILS).,"1. Look up the sections on verbal morphology, indexing and argument structure, and adverbial modifiers.
2. If there are no such sections, search for the words ‘with’ and ‘instrument’.
3. If the language has a way to index an instrument on verbs, code 1.
4. If the language has a way to mark on the verb that an action involves an instrument, code 1.
5. If the language does not have an instrumental marker on verbs and does not index instruments on verbs, code 0.
6. If the grammar comprehensively describes verbal morphology but does not mention the coding of instruments, code 0.
7. If there is not enough information in the grammar to understand how instruments are coded, code ?.","This question concerns a [phonologically bound](https://github.com/grambank/grambank/wiki/Wordhood-and-phonological-boundness-or-independence) verbal marker that signals that the verb has an instrument. In some languages, applicative markers may be used to topicalize, focalize or background the instrument. This type of marking also counts for this feature. The marker could be analyzed in the language-specific case as voice, [indexing](https://github.com/grambank/grambank/wiki/Indexing-vs.-pronouns) or a ‘bound pronoun’. The marker does not have to index the instrument.",GB104 AppInstrBoundV
GB105,Can the recipient in a ditransitive construction be marked like the monotransitive patient?,?,Datapoint inherited from Danielsen’s work in the database of South American Indigenous Language Structures (SAILS).,"1. Consider the section in the grammar that deals with argument flagging (i.e. case and adposition marking) and indexing. Check whether it discusses ditransitive verbs or ditransitive constructions. If not, search the grammar for examples with verbs expressing a physical transfer.
2. If the overt flagging of the P argument and the recipient argument is identical, code as 1.
3. If the P argument and the recipient are marked with different flags, code as 0.
4. If only the P argument or only the recipient is overtly marked, code as 0.
5. If neither the P argument nor the recipient are overtly marked, consider the indexing patterns on the verb.
6. Code as 1 if the two arguments are indexed identically.
5. If the indexing of the P argument differs from the indexing of the recipient, code as 0.
6. If there is neither overt indexing not flagging for both P and the recipient, code as 1.
7. Various relevant verbs might have different marking patterns. As the question is about the possibility of the recipient in a ditransitive construction to be marked like the transitive patient, code as 1 even if not all verbs follow this pattern and add a comment.
8. Even if the author of the grammar explicitly states the language has no ditransitive verbs, still consider and code the marking of the arguments of verbs of a physical transfer.","As a ditransitive construction we consider constructions with verbs expressing a physical transfer of possession or a mental transfer of messages (*give*, *lend*, *hand*, *feed*, *send*, *bring*, *show*, *tell*, *teach*). A ditransitive construction must allow overt expression of an agent, a theme and a recipient/addressee as separate NPs. The morphological marking of these arguments (e.g. accusative case, dative case vs. adposition marking) is irrelevant for counting a construction as ditransitive.

‘Marking’ for the purposes of this feature includes both flagging (i.e. case and adposition marking) and [indexing](https://github.com/grambank/grambank/wiki/Indexing-vs.-pronouns) on the verb. 1 is primarily triggered by flagging. Only if there is no overt flagging for neither the P argument nor the recipient argument, indexing is considered. 1 covers both the ‘double-object construction’ and the ‘secondary-object construction’ of Haspelmath (2013).",GB105 CaseRecipientObj
GB107,"Can standard negation be marked by an affix, clitic or modification of the verb?",1,Datapoint inherited from Danielsen’s work in the database of South American Indigenous Language Structures (SAILS).,"1. Find the section in the available descriptive literature that deals with negation.
2. If suppletion is used, or a marker is described as an affix, a phonologically bound clitic, tone or reduplication and you see no reason to doubt that it is indeed bound, code 1.
3. If the marker is described as a particle and it is unclear whether it is bound to the verb or not, look into more sources.
4. If the marker can be bound and can be free (and you are sufficiently convinced that when it is described as bound it is indeed bound), code 1 for this feature and code 1 for [GB298](https://github.com/grambank/Grambank/wiki/GB298) and/or [GB299](https://github.com/grambank/Grambank/wiki/GB298).
5. If there is more than one construction for marking standard negation, code for all of them.","This feature refers to Standard Negation, i.e. the constructions that mark negation of (at least) dynamic (not-stative) verbal predicates in declarative mood. The marker has to form a [phonological unit](https://github.com/grambank/grambank/wiki/Wordhood-and-phonological-boundness-or-independence) with the verbal root, be it by affixation, cliticization, suppletion, reduplication, tone, etc. For markers bound to auxiliaries, see [GB298](https://github.com/grambank/Grambank/wiki/GB298). If there is negative marking on the verb and elsewhere (for example by a particle) in the same construction, this is included in this feature. If there is a clitic that attaches to anything in its vicinity, this doesn't count.",GB107 NEGBoundV
GB108,Is there directional or locative morphological marking on verbs?,0,Datapoint inherited from Danielsen’s work in the database of South American Indigenous Language Structures (SAILS).,"1. Look up the section on verbal morphology.
2. If no such section exists or if the grammar does not provide specific information on verbal morphology, search for the terms 'direction’, 'goal', 'go’, 'come’, and 'location’.
3. If the language has no way to mark location or direction on the verb, code as 0.
4. If the verb can carry a bound marker that indicates direction or location on the verb, code 1.",This question concerns a [phonologically bound](https://github.com/grambank/grambank/wiki/Wordhood-and-phonological-boundness-or-independence) verbal marker that signals the direction or location of the event/state/action. A marker that indicates that something happens in multiple directions does not count here.,GB108 DirLocBoundV
GB109,Is there verb suppletion for participant number?,0,Datapoint inherited from Danielsen’s work in the database of South American Indigenous Language Structures (SAILS).,"1. Check whether the language alters its verbs according to number at all, if not, code 0.
2. Code 1 if there are three or more examples of verbs with suppletive forms for participant number
3. If there are one or two examples, consider if the author describes these as special exceptions (in which case, code 0) or part of a larger group (in which case, code 1).
4. If all examples only feature 'weak suppletion', code 0.
5. If there is little description of participant marking on verbs in general, code ?.","Are there verbs that use a different stem depending on the number (singular, dual, plural, etc.) of a core participant? The participant triggering the suppletive choice could be [A, P, or S](https://github.com/grambank/grambank/wiki/Core-arguments-(S,-A-and-P)). Auxiliary verbs are also considered verbs for the purpose of this feature. 

Suppletion is a process where a lexeme is changed in such a way that the new form does not resemble the previous when it appears in a different position in the paradigm. An example of this is English *went* and *go*. In this case, the verb is suppletive for tense. Only strong suppletion (different stems) counts. There should be at least three verbs with participant number suppletion to count as 1. If only one or two verbs are described as exhibiting suppletion, code 0. If the author gives two examples but states or implies that it is more common, code 1. 

Only so called 'strong suppletion' counts here, 'weak' suppletion is not included.",GB109 VSupplNUM
GB110,Is there verb suppletion for tense or aspect?,0,Datapoint inherited from Danielsen’s work in the database of South American Indigenous Language Structures (SAILS).,"1. Check whether the language alters its verbs according to tense/aspect at all.
2. Code 1 if there are three or more examples of verbs with suppletive forms for aspect/tense.
3. If there are one or two examples, consider whether the author describes these as special exceptions (in which case, code 0) or part of a larger group, in which case, code 1.
4. If all examples only feature ‘weak suppletion’, code 0.
5. If there is little description of tense/aspect marking on verbs in general, code ?.","Are there verbs that use a different stem depending on the tense or aspect (present, past, perfective etc.) they occur in? Suppletion is a process where a lexeme is changed in such a way that the new form does not resemble the previous when it appears in a different position in the paradigm. An example of this is English *went* and *go*. In this case, the verb is suppletive for tense. Only strong suppletion (different stems) counts, ‘weak’ suppletion is not included. At least three verbal concepts should indicate different tense or aspect values with suppletive stems to trigger a 1.",GB110 VSupplTA
GB111,Are there conjugation classes?,0,Datapoint inherited from Danielsen’s work in the database of South American Indigenous Language Structures (SAILS).,"1. Code 1 if finite verbs are inflected differently depending on what verb is used.
2. Code 1 if there is a two-way distinction between ‘regular’ and ‘irregular’ verbs and there are more than two irregular verbs.
3. Code 0 if differences in the forms of TAM, indexing, or voice markers for finite verbs result purely from morphophonological alternations.","Are there multiple sets of verbs that each combine with different sets of (inflectional) markers in finite forms? We are concerned with whether there is non-phonological allomorphy of finiteness marking on verbs depending on which verb is chosen. Phonological rules are not considered here but they may correlate with non-phonological allomorphy. Conjugation classes that are lexically assigned are relevant for coding this feature. Please note that a class of suppletive verbs does not count.

Look for finiteness markers such as:
* Person: first, second, third
* Number: singular, plural, dual and trial
* Gender: masculine, feminine or neuter
* Tense: present, past, or future
* Aspect: perfect, perfective, progressive
* Mood: indicative, subjunctive, imperative, optative
* Voice: active, middle, or passive",GB111 VerbClass
GB113,Are there verbal affixes or clitics that turn intransitive verbs into transitive ones?,1,Datapoint inherited from Danielsen’s work in the database of South American Indigenous Language Structures (SAILS).,"1. Code 1 if a grammar mentions a transitivizing marker that changes intransitive to transitive verbs, and it is phonologically bound to the verb.
2. Code 0 if a grammar mentions that there are no (phonologically bound) transitivizing markers on verbs or verb phrases.
3. Code 0 if an otherwise comprehensive grammar does not mention transitivizing markers on verbs or verb phrases. Write 'not mentioned' in the comment field.
4. Code 0 if a grammar only discusses valency decreasing operations or valency increasing operations that increase the valency of already transitive verbs, but does not mention valency increasing operations that increase the valency of an intransitive verb.
5. Code 0 if a grammar discusses phonologically free morphemes that change intransitive verbs to transitive ones, but no phonologically bound ones.
6. Code ? if you think there is not enough data or analysis to establish the presence or absence of a bound transitivizing morpheme. Write this in the comment column.","This feature asks whether intransitive verbs can take a [phonologically bound morpheme](https://github.com/grambank/grambank/wiki/Wordhood-and-phonological-boundness-or-independence) that signals the addition of just one role in the event denoted by the verb. This could be a causative affix or clitic, an applicative marker (benefactive, instrumental, etc.), etc. The marker has to be [productive](https://github.com/grambank/grambank/wiki/Productivity). Note that there is no logical dependency with [GB155](https://github.com/grambank/Grambank/wiki/GB155) on causative markers, as a language could have causatives that change a verb's valency from 2 to 3 but not from 1 to 2.",GB113 TransitivizingBound
GB114,Is there a phonologically bound reflexive marker on the verb?,1,Datapoint inherited from Danielsen’s work in the database of South American Indigenous Language Structures (SAILS).,"1. Code 1 if the grammar discusses a productive reflexive marker that is [phonologically bound](https://github.com/grambank/grambank/wiki/Wordhood-and-phonological-boundness-or-independence) to the verb. Middle voice markers that are obligatory in reflexive constructions also count as reflexive markers.
2. Code 1 if the grammar discusses a marker that is phonologically bound to the verb and it encodes both reflexive and reciprocal functions.
3. Code 0 if the grammar discusses reciprocal markers or a phonologically independent reflexive marker, but does not mention a phonologically bound reflexive marker on verbs. Write 'not mentioned' in the comment column.
4. Code 0 if the grammar only discusses unproductive reflexive markers on verbs.
5. Code 0 if an otherwise comprehensive grammar does not discuss reflexive markers. Write ‘not mentioned’ in the comment column.
6. Code ? if there is not enough data or analysis in the available sources to determine whether there is a bound reflexive marker on verbs or whether it is productive.","A reflexive marker indicates that a participant is coreferential with another participant in the clause or sentence. This marker may indicate both reflexive and reciprocal functions. If a ‘middle-voice’ marker is used to mark reflexive functions, it also counts as a reflexive marker. Reduplication of verbs also counts. The reflexive construction needs to be [productive](https://github.com/grambank/grambank/wiki/Productivity), not limited to a small set of likely lexicalized verbs in the language, to trigger 1 for this feature. This question targets lexical verbs, anything that happens with auxiliaries is not relevant for this feature.",GB114 ReflBoundV
GB115,Is there a phonologically bound reciprocal marker on the verb?,1,Datapoint inherited from Danielsen’s work in the database of South American Indigenous Language Structures (SAILS).,"1. Explore the sections discussing argument marking, pronouns, verbal morphology, verbal derivation, valency change, argument structure and simple clauses.
2. Code 1 if the grammar discusses a productive reciprocal marker that is phonologically bound to the verb.
3. Code 1 if the grammar discusses a marker that is phonologically bound to the verb and it encodes both reflexive and reciprocal functions.
4. Code 0 if the grammar discusses reflexive markers or a phonologically independent reciprocal marker, but doesn't mention a phonologically bound reciprocal marker on verbs. Write 'not mentioned’ in the comment column.
5. Code 0 if the grammar only discusses unproductive reciprocal markers on verbs.
6. Code 0 if an otherwise comprehensive grammar does not discuss reciprocal markers. Write 'not mentioned’ in the comment column.
7. Code ? if there is not enough data or analysis in the grammar to determine whether there is a bound reflexive marker on verbs or whether it is productive.","A reciprocal marker indicates that an action or feeling is mutual between two or more parties (e.g. *they love each other*; *they beat each other*). A reciprocal marker may indicate both reflexive and reciprocal functions. Reduplication of verbs also counts. Reciprocal marking needs to be [productive](https://github.com/grambank/grambank/wiki/Productivity), not limited to a small set of verbs in the language that are probably lexicalized. This feature targets [phonologically bound](https://github.com/grambank/grambank/wiki/Wordhood-and-phonological-boundness-or-independence) reciprocal markers.",GB115 RecipBoundV
GB117,Is there a copula for predicate nominals?,0,Datapoint inherited from Danielsen’s work in the database of South American Indigenous Language Structures (SAILS).,"1. Code 1 if there is an element which can be used with predicatively used nominals, even if it is restricted to certain contexts, and even if this marker has other functions and may, for example, function as demonstrative elsewhere.  
2. Code 0 if the grammar describes equative copular clauses with predicate nominals and describes these as using a ‘zero copula’.
3. Code 0 if there is no copula in use in an equative sentence, even if there is a copula in use for locational predicates and/or adjectival predicates.","Is there a copula in use in an equative sentence when the predicate is a nominal? The copula must be expressed in at least some equative sentences with predicate nominals but need not be obligatory in these constructions. Both verbal copulas and pro-copulas (e.g. demonstratives or personal pronouns that link the subject and predicate nominals) are relevant for this feature. Please note that adjectives are not included within the category of ‘nominals’ here. Please note copulas may be free forms, affixes, or clitics.",GB117 CopulaPredNom
GB118,Are there serial verb constructions?,1,Datapoint inherited from Danielsen’s work in the database of South American Indigenous Language Structures (SAILS).,"1. Code 1 if two or more verbs can be juxtaposed, this verbal sequence functions as a single predicate, there is no predicate-argument relationship between the verbs, and where it is not a case of clause chaining, i.e. it is not true that there is an inflected verb and the other verbs are missing inflection.
2. Code 0 if you find no description or examples of serial verb constructions in an otherwise comprehensive grammar.
3. Code ? if the only potential examples of serial verb constructions in a language can also be analyzed as verbal compounds.
4. Code ? if there are no examples of serial verb constructions but you believe the authors of your sources may have missed serial verb constructions.","This summary of serial verb constructions from [Haspelmath (2016: 296)](http://www.ling.sinica.edu.tw/Files/LL/Docments/Journals/17.3/LLN17.3-Haspelmath.pdf) serves as a good clarification: ""A serial verb construction is a monoclausal construction consisting of multiple independent verbs with no element linking them and with no predicate–argument relation between the verbs.""

Serial verbs are different from verb compounds, in that they are compositional: ""a serial verb construction must be a productive schematic
CONSTRUCTION such that the meaning of a concrete construct can be determined on the basis of the meanings of its parts and the construction meaning. This means that non-compositional combinations of verbs do not fall within the definition."" By contrast, verbal compounds are lexicalized and often non-compositional.  

Serial verb constructions are also defined in Grambank as different from clause-chaining. Clause chaining involves a series of verbs which are not inflected, and one verb which is (see [GB150](https://github.com/grambank/Grambank/wiki/GB150)). A serial verb construction is defined using Haspelmath's definition above, but in addition where it is not an example of clause chaining (i.e. it is not true that there is an inflected verb and the other verbs are missing inflection).  It is however possible for a language to have both serial verb constructions and clause chaining.

Serial verb constructions are also different from light verb constructions, which are made up of a verbal element and a lexical stem which is not an inflected verb, jointly determining argument structure (see [GB123](https://github.com/grambank/grambank/wiki/GB123)).  

'Verb' here refers to words that can be used as independent verbs in the language in question; but it is also best if they are dynamic verbs, as per the definition in Haspelmath (2016), 'Verbs are defined as dynamic event expressions that do not have special coding when used in predication function'. Serial verb constructions which are more restricted than that, such as only applying to stative verbs (e.g. a verb meaning 'good'), should not be counted as 1.",GB118 SerialV
GB119,"Can mood be marked by an inflecting word (""auxiliary verb"")?",0,Datapoint inherited from Danielsen’s work in the database of South American Indigenous Language Structures (SAILS).,"1. Look up the section on mood marking in the grammatical description.
2. Consider all marking of mood, e.g. not only conditional.
3. If you do not find any inflecting words expressing mood, such as auxiliary verbs or elements analyzed as pronouns that take TAM marking, code as 0.
4. If there is an inflecting word (e.g. an auxiliary verb) that clearly expresses mood, code the language as 1.
5. If it is not clear whether the inflecting word marks mood, code the language as ?.","This feature covers all grammatical moods (the relationship between the referred event/state/action and other possible worlds, or speaker's attitude) and aims to capture [phonologically free](https://github.com/grambank/grambank/wiki/Wordhood-and-phonological-boundness-or-independence) elements that inflect (i.e. change form depending on person, number and other categories of the core arguments). These markers are often described as ‘auxiliary verbs’ in the literature, but are also analyzed under other labels by some authors (such as STAMP morphemes (STAM = Subject-Tense-Aspect-Mood-Polarity) or inflecting pronouns). We are interested in grammatical marking, i.e. [dedicated](https://github.com/grambank/grambank/wiki/Dedicated-marking), [productive](https://github.com/grambank/grambank/wiki/Productivity) and [obligatory](https://github.com/grambank/grambank/wiki/Obligatoriness) marking. 

There are instances where TAM can be expressed by a combination of an affix and auxiliary or particle. For example, some grammarians state that a mood is expressed by a certain form on the verbal root and an auxiliary. If this is a [productive](https://github.com/grambank/grambank/wiki/Productivity) and [obligatory](https://github.com/grambank/grambank/wiki/Obligatoriness) way of expressing mood then such a construction triggers 1 for both this feature (GB119) and the feature on bound mood marking ([GB312](https://github.com/grambank/Grambank/wiki/GB312)). If not all parts of the discontinuous marking are necessary for expressing a mood, then only consider the marking that is obligatory.

While negation or interrogation can be considered as grammatical moods, they are not included in this feature.",GB119 MoodAUX
GB120,"Can aspect be marked by an inflecting word (""auxiliary verb"")?",0,Datapoint inherited from Danielsen’s work in the database of South American Indigenous Language Structures (SAILS).,"1. Look up the section on aspect marking in the grammatical description.
2. Consider all aspectual distinctions. Not only perfective, for instance.
3. If you do not find any inflecting words expressing aspect, such as auxiliary verbs or elements analyzed as pronouns that take TAM marking, code as 0.
4. If there is an inflecting word (e.g. an auxiliary verb) that clearly expresses aspect, code 1.
5. If it is not clear whether the inflecting word marks aspect, code ?.","This feature covers all grammatical aspects (internal temporal constitution of events/actions/states) and aims to capture [phonologically free](https://github.com/grambank/grambank/wiki/Wordhood-and-phonological-boundness-or-independence) elements that inflect (i.e. change form depending on person, number and other categories of the core arguments). These markers are often described as ‘auxiliary verbs’ in the literature, but they are also analyzed under other labels by some authors (such as STAMP morphemes (STAM = Subject-Tense-Aspect-Mood-Polarity) or inflecting pronouns). We are interested in grammatical marking, that is, [dedicated](https://github.com/grambank/grambank/wiki/Dedicated-marking), [productive](https://github.com/grambank/grambank/wiki/Productivity) and [obligatory](https://github.com/grambank/grambank/wiki/Obligatoriness) marking.",GB120 AspectAUX
GB121,"Can tense be marked by an inflecting word (""auxiliary verb"")?",0,Datapoint inherited from Danielsen’s work in the database of South American Indigenous Language Structures (SAILS).,"1. Look up the section on tense marking in the grammatical description.
2. Consider all marking of tense, e.g. not only past tense.
3. If you do not find any inflecting words expressing tense, such as auxiliary verbs or elements analyzed as pronouns that take TAM marking, code as 0.
4. If there is an inflecting word that clearly expresses tense, code the language as 1.
5. If not clear whether the inflecting word marks tense, code the language as ?.","This feature covers all tenses (present, past, and future) and aims to capture [phonologically free](https://github.com/grambank/grambank/wiki/Wordhood-and-phonological-boundness-or-independence) elements that inflect (i.e. change form depending on person, number and other categories of the core arguments). These markers are often described as ‘auxiliary verbs’ in the literature, but are also analyzed under other labels by some authors (such as STAMP morphemes (STAM = Subject-Tense-Aspect-Mood-Polarity) or inflecting pronouns). We are interested in grammatical marking, i.e. [dedicated](https://github.com/grambank/grambank/wiki/Dedicated-marking), [productive](https://github.com/grambank/grambank/wiki/Productivity) and [obligatory](https://github.com/grambank/grambank/wiki/Obligatoriness) marking. 

There are instances where TAM can be expressed by a combination of an affix and auxiliary or particle. For example, some grammarians state that tense is expressed by a certain form on the verbal root and an auxiliary. If this is a [productive](https://github.com/grambank/grambank/wiki/Productivity) and [obligatory](https://github.com/grambank/grambank/wiki/Obligatoriness) way of expressing tense then such a construction triggers 1 for both this feature (GB121) and the features on bound tense marking ([GB082](https://github.com/grambank/Grambank/wiki/GB082)/[GB083](https://github.com/grambank/Grambank/wiki/GB083)/[GB084](https://github.com/grambank/Grambank/wiki/GB084)). If not all parts of the discontinuous marking are necessary for expressing a tense, then only consider the marking that is obligatory.",GB121 AUXTense
GB122,Is verb compounding a regular process?,0,Datapoint inherited from Danielsen’s work in the database of South American Indigenous Language Structures (SAILS).,"1. Code 1 if there is a conventionalized way of combining two verbal elements into a single lexicalized phonological and grammatical word.
2. Code 0 if it is clear the two elements are phonologically independent.
3. Code ? if it is unclear how [productive](https://github.com/grambank/grambank/wiki/Productivity) this process is in the language.","Verbal compounds are lexicalized, often non-compositional, constructions which combine two or more verb stems.  Languages with [serial verb constructions](https://github.com/grambank/Grambank/wiki/GB118) can often have verb compounds too, however they might not always be described as such.",GB122 VCompounding
GB123,Are there verb-adjunct (aka light-verb) constructions?,0,Datapoint inherited from Danielsen’s work in the database of South American Indigenous Language Structures (SAILS).,"1. Code 1 if verbs with a general meaning may combine with a non-verbal element to produce new verbal predicates. If this is not explicitly mentioned in the grammar's chapter on verbs, check example sentences or word lists. 
2. Code 0 if you do not find examples of new verbal predicates formed by a combination of a verb and a non-verbal element, or if all of these instances can be analyzed as serial verb constructions or verbal compounds.","A light-verb construction is a lexicalized complex predicate with two components: (1) a lexical stem which is not an inflected verb and (2) an inflectable verb, which is called the light verb. It is form-identical with a main verb, but used with a different meaning such that it ‘cannot be said to be predicating fully' (examples in English include _give a sigh_ or _take a plunge_) (Butt 2003).

Items that can occur as lexical stems in light-verb constructions are: (1) nouns (e.g. *do baby* in Ivorian English or *have sex* in English for ‘to copulate’), (2) adjectives (e.g. *make beautiful* in English), (3) non-inflectable items such as ideophones (e.g. *do ssss* for ‘to make an ssss sound’), or (4) verbs borrowed from other languages that do not inflect in the target language. 

Regular verbs cannot occur as lexical stems in light-verb constructions, in the Grambank definition. This makes light verb constructions different from serial verb constructions and verbal compounding, which involve a sequence of more than one verb. Another difference is that there is a predicate-argument relationship between the light verb and the other lexical stem (e.g. in *do baby*, *baby* is the object of *do*), while in serial verb constructions the verbs do not have a predicate-argument relationship between them since they instead describe a sequence of events.",GB123 LightVerb
GB124,Is incorporation of nouns into verbs a productive intransitivizing process?,1,Datapoint inherited from Danielsen’s work in the database of South American Indigenous Language Structures (SAILS).,"1. Code 1 if there is a strategy for intransitivizing verbs that either binds a bare nominal morphologically to the verb, or requires a bare nominal to be positioned immediately adjacent to the verb.
2. Code 0 if the nominal involved in this construction is not obligatorily bare.
3. Code 0 if the nominal involved in this construction does not express an argument of the verb.
4. Code 0 if the incorporated argument must also be expressed by an overt element elsewhere in the syntax (e.g. a pronoun) in addition to the verb-adjacent nominal.","Noun incorporation is defined as a construction where obligatorily bare (i.e. articleless, numberless, modifierless) nouns must occur adjacent to or inside of the verb, in a fixed order. This feature essentially asks whether transitive verbs may be rendered intransitive by means of noun incorporation, and whether this process is productive. This need not be the default way of intransitivizing verbs, but the process must be [productive](https://github.com/grambank/grambank/wiki/Productivity). The incorporated noun in the construction of interest for this feature is semantically an argument of the verb. For example: *he was painting the bike* = *he was bike-painting*. Noun incorporation where the relevant noun functions as an adjunct or modifier does not count, e.g. *she was running like Jacob runs* = *she was Jacob-running*. A construction where it is necessary to overtly represent the relevant argument with an additional form other than the incorporated noun, for example with a pronoun, also does not count.",GB124 NounIncorpIntrans
GB126,Is there an existential verb?,1,Datapoint inherited from Danielsen’s work in the database of South American Indigenous Language Structures (SAILS).,"1. Find the existential constructions in the language.
2. Find the equational and attributive constructions.
3. Code 1 if there is an overt existential element that is different from both the equative and attributive elements, if there are any.
4. Code 0 if there is no existential verb or if the existential verb is identical to the equative or attributive element.","Is there an element expressing existential predication (*A book on that topic **exists**.*/*There **is** a book on that topic.*), that is **different from the equative or attributive copula**? It is possible that there are various existential verbs making further distinctions, temporary versus permanent existence, or that there is a special negative existential verb. The existential marker can be used for the expression of other functions, such as aspect, as long as it is **not** identical to the copula of identity or attribution (as is the case with *is*, *That book **is** part of a series.* and *That book **is** great*). The existential element need not fulfill all formal criteria to qualify as a verb. The existence of a negative existential alone is not sufficient for a 1. Locational or positional verbs are also not enough for a 1.",GB126 ExistentialV
GB127,Are different posture verbs used obligatorily depending on an inanimate locatum's shape or position (e.g. 'to lie' vs. 'to stand')?,0,Datapoint inherited from Danielsen’s work in the database of South American Indigenous Language Structures (SAILS).,"1. Code 1 if verb roots (not verb morphology) which express location (such as *is* in *the book is on the table*) also encode the posture (‘lie’, ‘stand’, ‘sit’, ‘hang’, e.g. *the book lies on the table* meaning ‘the book is on the table’), and if there is no frequently used more general way of encoding location. This should be clear in a grammar's section on simple clauses, specifically where it discusses predication of location (‘X is at/in Y’).
2. Code 0 if expressions of location do not usually encode posture. A look at texts and examples should give you an idea of this.
3. Code ? if you cannot find clear examples of locational predication.","In some languages, locative predication (‘X is at Y’) always requires the use of a posture verb (e.g. ‘X sits at Y’ vs. ‘X lies at Y’). The posture verb depends on the shape or the position of the item that is located. For example, a bottle may always ‘stand’ somewhere and a ball may always ‘lie’ somewhere.  In these languages, a speaker could not simply say that something ‘is’ somewhere. Some posture verbs that may occur in languages are verbs for sitting, standing, hanging and lying. Note that this feature does not concern morphological marking of position or shape, but the use of different verbs for this purpose. If the posture verbs are clearly dominant in frequency this is sufficient to count as obligatory for the purpose of this question, even if non-posture verb alternatives are grammatical.",GB127 PostureVerbs
GB129,"Is there a notably small number, i.e. about 100 or less, of verb roots in the language?",0,Datapoint inherited from Danielsen’s work in the database of South American Indigenous Language Structures (SAILS).,"1. Code 1 if there are fewer than 100 verbs in the language based on statements in a grammar or dictionary.
2. Code 1 if the descriptions describes verbs as a very restricted word class with few members even if a precise number is not given.
3. Code 0 if there is no mention of verbs being a restricted word class in any sense.","This feature tracks languages with few members in the word class which is most commonly known as ‘verbs’. If the word class ‘verbs’ contains approximately 100 roots or less, the language qualifies for this feature.  

A large part of the grammar may be devoted to constructions where a verb from the closed class combines with open-class items to form predicates in most sentences. If a grammar never remarks on the size of the verbal inventory this almost always means that the language does not have a small number of verbs in the sense of the present question. If a language has a small number of verbs in this sense, typically a description will say that there is a closed class of verbs with few members. 

In such languages, it is typically the case that what is described by one verb in other languages is instead expressed by so called ‘light verb constructions’ (see [GB123](https://github.com/grambank/Grambank/wiki/GB123)). For example, *do meeting* could express the meaning ‘to meet’. It is also possible for a language to have few verbs but no light-verb constructions.",GB129 FewVerbs
GB130,What is the pragmatically unmarked order of S and V in intransitive clauses?,1,Datapoint inherited from Danielsen’s work in the database of South American Indigenous Language Structures (SAILS).,"1. Find the order of core arguments in the language, either in the text of the grammar or in examples involving full NP subjects.
2. Code 1 if the order in intransitive clauses with a full nominal subject is consistently SV.
3. Code 2 if the order in intransitive clauses with a full nominal subject is consistently VS.
4. Code 3 if both SV and VS order occur in pragmatically unmarked intransitive clauses with full nominal subjects. Do not count focus constructions or left- or right-dislocation.
5. Code ? only if it is unclear whether the examples in which one of the two possible orders occurs meet the pragmatically unmarked criterion. Include a comment describing the relevant construction(s).","This feature focuses on the relative order of subject and verb in intransitive clauses. All questions concerning order of constituents aim to capture the pragmatically unmarked order between full NP constituents (not pronouns). Do not consider ‘left or right-dislocation’, accompanied by intonational signals, or pragmatically marked constructions such as focus. If the verb phrase consists of several elements it is the lexical verb that counts. The position of auxiliaries/TAME marking elements can be ignored.",GB130 OrderSVIntrans
GB131,Is a pragmatically unmarked constituent order verb-initial for transitive clauses?,0,Datapoint inherited from Danielsen’s work in the database of South American Indigenous Language Structures (SAILS).,"1. Find the order of core arguments in the language, either in the text of the grammar or in examples involving full NP core arguments.
2. Code 1 if the pragmatically unmarked constituent order is consistently VSO.
3. Code 1 if the pragmatically unmarked constituent order is consistently VOS.
4. Code 1 if the unmarked constituent order is free and the author states that there is a pragmatically unmarked constituent order which is verb-initial for transitive clauses.
5. Code 1 if the unmarked constituent order is free and there are examples of a pragmatically unmarked constituent order which is verb-initial for transitive clauses.
6. Code 0 if the grammar states that the language has a fixed word order for transitive clauses that is not VSO or VOS.
7. Code 0 if the grammar states the language has free or flexible word order but verb-initial constituent order is pragmatically marked.
8. Code 0 if the constituent order is verb-initial only in examples involving pragmatic marking (contrastive markers, inferential markers, topic change, foregrounding, etc.).
9. Code ? if the pragmatically unmarked constituent order(s) is not mentioned and cannot be determined by examining examples.","This feature focuses on the relative order of the verb and its [core arguments](https://github.com/grambank/grambank/wiki/Core-arguments-(S,-A-and-P)) in a transitive clause. Any constituents other than the core arguments (A, P) and the verb of a transitive clause should be ignored. All questions concerning order of constituents aim to capture the pragmatically unmarked order between full NP constituents (not pronouns). Do not consider ‘left or right-dislocation’, accompanied by intonational signals or pragmatically marked constructions such as focus. If the verb phrase consists of several elements it is the lexical verb that counts. The position of auxiliaries/TAME marking elements can be ignored.",GB131 TransVInitOrder
GB132,Is a pragmatically unmarked constituent order verb-medial for transitive clauses?,1,Datapoint inherited from Danielsen’s work in the database of South American Indigenous Language Structures (SAILS).,"1. Find the order of core arguments in the language, either in the text of the grammar or in examples involving full NP core arguments.
2. Code 1 if the pragmatically unmarked constituent order is consistently SVO.
3. Code 1 if the pragmatically unmarked constituent order is consistently OVS.
4. Code 1 if the unmarked constituent order is free and the author states that there is a pragmatically unmarked constituent order for transitive clauses in which the verb occurs between the subject (A argument) and the object (P argument).
5. Code 1 if the unmarked constituent order is free and there are examples of a pragmatically unmarked constituent order which is SVO or OVS.
6. Code 0 if the grammar states that the language has a fixed word order for transitive clauses that is not SVO or OVS.
7. Code 0 if the grammar states the language has free or flexible word order but any SVO or OVS constituent order is pragmatically marked.
8. Code 0 if the constituent order is SVO or OVS only in examples involving pragmatic marking (contrastive markers, inferential markers, topic change, foregrounding, etc.).
9. Code ? if the pragmatically unmarked constituent order(s) is not mentioned and cannot be determined by examining examples.","This feature focuses on the relative order of the verb and its [core arguments](https://github.com/grambank/grambank/wiki/Core-arguments-(S,-A-and-P)) in a transitive clause. Any constituents other than the core arguments (A, P) and the verb of a transitive clause should be ignored. All questions concerning order of constituents aim to capture the pragmatically unmarked order between full NP constituents (not pronouns). Do not consider ‘left or right-dislocation’, accompanied by intonational signals or pragmatically marked constructions such as focus. If the verb phrase consists of several elements it is the lexical verb that counts. The position of auxiliaries/TAME marking elements can be ignored.",GB132 TransVMedOrder
GB133,Is a pragmatically unmarked constituent order verb-final for transitive clauses?,0,Datapoint inherited from Danielsen’s work in the database of South American Indigenous Language Structures (SAILS).,"1. Find the order of core arguments in the language, either in the text of the grammar or in examples involving full NP core arguments.
2. Code 1 if the pragmatically unmarked constituent order is consistently SOV.
3. Code 1 if the pragmatically unmarked constituent order is consistently OSV.
4. Code 1 if the unmarked constituent order is free and the author states that there is a V-final constituent order for transitive clauses that is pragmatically unmarked.
5. Code 1 if the constituent order is described as free and there are examples of a pragmatically unmarked constituent order which is SOV or OSV.
6. Code 0 if the grammar states that the language has a fixed word order for transitive clauses that is not SOV or OSV.
7. Code 0 if the grammar states the language has free or flexible word order but any V-final constituent order is pragmatically marked.
8. Code 0 if the constituent order is V-final only in examples involving pragmatic marking (contrastive markers, inferential markers, topic change, foregrounding, etc.).
9. Code ? if the pragmatically unmarked constituent order(s) is not mentioned and cannot be determined by examining examples.","This feature focuses on the relative order of the verb and its [core arguments](https://github.com/grambank/grambank/wiki/Core-arguments-(S,-A-and-P)) in a transitive clause. Any constituents other than the core arguments (A, P) and the verb of a transitive clause should be ignored. All questions concerning order of constituents aim to capture the pragmatically unmarked order between full NP constituents (not pronouns). Do not consider ‘left or right-dislocation', accompanied by intonational signals or pragmatically marked constructions such as focus. If the verb phrase consists of several elements it is the lexical verb that counts. The position of auxiliaries/TAME marking elements can be ignored.",GB133 TransVFinalOrder
GB134,Is the order of constituents the same in main and subordinate clauses?,1,Datapoint inherited from Danielsen’s work in the database of South American Indigenous Language Structures (SAILS).,"1. Find the order of core arguments in the language in main clauses, either in the text of the grammar or in simple clause examples involving full NP core arguments.
2. Find the order of core arguments in subordinate clauses, either in the text of the grammar or in examples involving subordinate clauses.
3. If exactly the same basic word orders that are possible in pragmatically unmarked main clauses are also possible in subordinate clauses, code 1.
4. If all of the basic word orders that are possible in pragmatically unmarked main clauses are possible in subordinate clauses, but some additional word orders are also possible in subordinate clauses, code 1.
5. If the grammar states generally that the language has free or flexible word order and examples appear to show the same word order pattern(s) in subordinate clauses as in main clauses, code 1 and include a comment to indicate that coding was based on examples.
6. If the grammar states generally that the language has free or flexible word order and there is insufficient information about subordinate clauses, code ? and provide a comment about the unavailable evidence.","This feature focuses on whether the basic word order(s) of main clauses are possible in subordinate clauses. A ‘yes’ response for this feature indicates that subjects, verbs, and objects occur in the same order in subordinate clauses as in main clauses. For example, the order between ‘woman’, ‘man’, and ‘chases’ is the same in the simple clause *the woman chases the man* as in the subordinate clause of *I think that the woman chases the man* in English, and this feature asks if it is the same in target languages. In languages with flexible word order it is sufficient for a 1 if all pragmatically unmarked main clause orders are possible in subordinate clauses, even if there are additional word order alternatives in subordinate clauses that are not available in main clauses. Subordinate clauses involving reported speech (e.g. *He said that the woman chases the man.*) should be disregarded.",GB134 MainSubSameOrder
GB135,Do clausal objects usually occur in the same position as nominal objects?,1,Datapoint inherited from Danielsen’s work in the database of South American Indigenous Language Structures (SAILS).,"1. Find the word order of transitive clauses involving nominal objects (often mentioned explicitly).
2. Find the word order of transitive clauses involving clausal objects (often inferable from examples if not discussed explicitly).
3. Code 1 if clausal objects occur in the same position or same set of possible positions as nominal objects.
4. Code 0 if clausal objects occur in a different position than the pragmatically unmarked position(s) of nominal objects.
5. Code 0 if clausal objects occur in a fixed position while nominal objects can occur in several different positions in a language with relatively free word order.
6. If no information on clausal objects can be found and insufficient examples are provided to determine whether clausal objects occur in the same position(s) as nominal objects, code ? and provide a comment regarding the lack of evidence.","This feature involves a comparison of the word order in transitive clauses with nominal objects with order in clauses with clausal objects. By clausal objects here we mean clauses that are directly governed by a finite verb (typically verbs of ‘wanting’, ‘saying’, etc.). In other words, complement clauses are a specific type of subordinate clauses and are not relative clauses. For example, the objects in _I like **apples**_ (nominal object) and _I like **that you play the piano every morning**_ (clausal object) are in the same position (SVO). Many of the languages that do not place clausal objects in the same position as nominal objects are SOV languages that use SVO order for (long) clausal objects. This question aims to discern whether these clausal objects are treated like prototypical nominal direct objects (not indirect or obliques). This is not always explicitly stated by the descriptive work, but an investigation into the examples and perhaps even appended text of the grammar should typically reveals evidence for answering this question.",GB135 SUBClauseInOPosition
GB136,Is the order of core argument (i.e. S/A/P) constituents fixed?,0,Datapoint inherited from Danielsen’s work in the database of South American Indigenous Language Structures (SAILS).,"1. Find the order of core arguments in the language, either in a description of word order patterns or in the examples in the grammar.
2. Determine whether order permutations i) are possible, ii) do not change the propositional content and iii) do not require further elements (particles, cleft components, adjuncts) or intonational signaling.
3. If the three conditions of step 2 are all met, code 0 (order is not fixed).
4. If any of the three conditions of step 2 is not met, code 1 (order is fixed).
5. If no discussion of fixed or free order of core arguments is provided in the grammar and it is unclear whether examples demonstrating word order permutations meet criteria (ii) and (iii) in step 2, code ? and provide a comment regarding the possible orders.","The order of core arguments is fixed if you cannot permute the order of core constituents (S, A, and P) and the verb without either i) changing the propositional content of the clause or ii) requiring intonational signaling or further elements (particles, cleft components, adjuncts).",GB136 WordOrderFixed
GB137,Can standard negation be marked clause-finally?,0,Datapoint inherited from Danielsen’s work in the database of South American Indigenous Language Structures (SAILS).,"1. Find the section in the available descriptive literature that deals with negation.
2. Consider all the described standard negation constructions (i.e. those that negate dynamic verbal predicates in declarative mood).
3. If a negative marker is clause-final in any construction identified in step 2, code 1 for this feature.
4. If there are multiple markers of standard negation and one occurs clause-finally, code 1 for this feature (GB137) (and if the other marker is clause-initial code 1 for [GB138 Can standard negation be marked clause-initially?](https://github.com/grambank/Grambank/wiki/GB138)).
5. If there is no clause-final marker of clausal negation, code 0.
6. If clause-final markers of clausal negation only occur in pragmatically marked constructions, or with non-verbal or stative predicates, or in non-declarative clauses, code 0.
7. If a marker of standard negation only occurs clause-finally as a result of argument omission (and occurs in a non-final position when independent nominal or pronominal arguments are included), code 0.","This feature refers to standard negation, or the construction(s) that mark negation of (at least) dynamic (i.e. non-stative) verbal predicates in declarative mood. It is possible that the same negation construction will be used for other purposes as well (e.g. with stative or non-verbal predicates), but clauses involving predicates other than the aforementioned dynamic verbal predicates in declarative mood should be disregarded. 

The position ‘clause-final’ includes [suffixes](https://github.com/grambank/grambank/wiki/Affixes-and-clitics) on verbs in verb-final clauses, even if they are not the very last suffix on the verb. Prefixes on clause-final verbs do not count as clause-final negation. If a negator consists of two obligatory elements and only one is clause-final, this is sufficient to count as clause-final marking and trigger a 1 for this feature. As with other word order features in this dataset, we are concerned with the order of the negative marker when the clause has its canonical intransitive or transitive word order. We are not interested in cases of argument omission or pragmatically marked constructions (e.g. focus); these should be disregarded in coding this feature.",GB137 NEGFinal
GB138,Can standard negation be marked clause-initially?,1,Datapoint inherited from Danielsen’s work in the database of South American Indigenous Language Structures (SAILS).,"1. Find the section in the available descriptive literature that deals with negation.
2. Consider all the described standard negation constructions (i.e. those that negate dynamic verbal predicates in declarative mood).
3. If the negative marker is clause-initial in any construction identified in step 2, code 1.
4. If there are multiple markers of standard negation and one is clause-initial, code 1 (and if the other is clause final, code 1 for [GB137	Can standard negation be marked clause-finally?](https://github.com/grambank/Grambank/wiki/GB137) as well).
5. If there is no clause-initial marker of clausal negation, code 0.
6. If clause-initial markers of clausal negation only occur in pragmatically marked constructions, or with non-verbal or stative predicates, or in non-declarative clauses, code 0.
7. If a marker of standard negation only occurs clause-initially as a result of argument omission (and occurs in a non-initial position when independent nominal or pronominal arguments are included), code 0.","This feature focuses on standard negation, or the construction(s) that mark negation of (at least) dynamic (i.e. non-stative) verbal predicates in declarative mood. It is possible that the same negation construction will be used for other purposes as well (e.g. with stative or non-verbal predicates), but clauses involving predicates other than the aforementioned dynamic verbal predicates in declarative mood should be disregarded.

The position ‘clause-initial’ includes [prefixes](https://github.com/grambank/grambank/wiki/Affixes-and-clitics) on clause-initial verbs, even if the negator is not the left-most prefix, but suffixes on clause-initial verbs do not count as clause-initial negation. If the negator consists of two obligatory elements and only one is clause-initial, this is sufficient to count as clause-initial negation and to trigger a 1 for this feature. As with other word order features in this dataset, we are concerned with the order of the negative marker when the clause has its canonical intransitive or transitive word order. We are not interested in cases of argument omission or pragmatically marked constructions (e.g. focus); these should be disregarded in coding this feature.",GB138 NEGInitial
GB139,Is there a difference between imperative (prohibitive) and declarative negation constructions?,1,Datapoint inherited from Danielsen’s work in the database of South American Indigenous Language Structures (SAILS).,"1. Find the section in the available descriptive literature that deals with negation.
2. Find the section that deals with imperatives.
3. If there is no source that describes negative imperatives (or prohibitives), code ? for this feature.
4. If there are two different negators, code 1.
5. If negative imperatives and declarative constructions contain the same markers, but in a systematically different order, code 1.
6. If negative imperatives contain any other negative elements that are not found in negative declaratives, or if negative imperatives require any other modification (e.g. loss of finiteness), code 1.
7. If negative imperatives and declarative negation constructions are expressed with the same elements in the same general order, code 0.","Is the negative construction for declarative negation (e.g. *I don't drink.*) different from the negative imperative (e.g. *don't drink!*). This feature covers more than only different negators: a different order, loss of finiteness or the addition of new elements also count as differences. If a language-specific analysis indicates two different constructions for negative imperative and prohibitive, then we are only concerned with the construction that negates the traditional imperative function here.",GB139 NEGProhibitive
GB140,"Is verbal predication marked by the same negator as all of the following types of predication: locational, existential and nominal?",1,Datapoint inherited from Danielsen’s work in the database of South American Indigenous Language Structures (SAILS).,"1. Find the section in the available descriptive literature that deals with negation.
2. Find the sections that describe locational, existential and nominal predication.
3. If at least one of these three has a different negator from verbal negation, code this feature as 0.
4. If you can only find information on one of these three, and it is expressed with the same negator as verbal negation, code as ?.
5. If the source is extensive and only brings up 2 out of 3 of the functions, we can probably safely assume that if the third one was different it would have bene mentioned. Therefore we can code 1. However if the description is minimal, we should code ? because the author could just have missed the third kind of function.
6. If you cannot find information on any of these three categories of non-verbal negation, code as ?.","This feature pertains only to the negative marker itself, be it an independent particle, verb, auxiliary, clitic or affix. This feature covers three kinds of non-verbal negation: locational (*The dog is not in the kitchen.*), existential (*Hogwarts does not exist.*) or nominal predication (*Ursula is not a witch.*).",GB140 SameNEGLocExistNom
GB146,Is there a morpho-syntactic distinction between predicates expressing controlled versus uncontrolled events or states?,0,Datapoint inherited from Danielsen’s work in the database of South American Indigenous Language Structures (SAILS).,"1. Check sections in a grammar on case marking, argument marking in general, simple clauses, verbal morphology, and look for expressions of hunger, thirst, pain, sickness, vomiting, cold, cramps, sleepiness, anger and happiness.
2. Code 1 if you find at least three examples of non-controlled experiences coded with a specialized construction that is different from the typical way to express (controlled) events or states.
3. Code 0 if an author explicitly mentions that such constructions do not exist in the language (e.g. they did not find any although they were expected to occur because they are found in neighboring languages).
4. Code 0 if you find examples of uncontrolled events or states that are expressed like any other (controlled) event or state, but less than three examples of uncontrolled events or states that are coded in a standard way.
5. Code ? if nothing is said on the topic and there is not enough data to know whether such constructions exist or not.","In a number of languages, predicates referring to uncontrolled events or states happening to animate participants are encoded differently from those that refer to controlled events. Often, such a distinction surfaces in predicates referring to sensations (such as hunger, thirst, pain, cold, cramps, sleepiness, etc.), emotions (anger, happiness), or cognitive states (forgetting, remembering). These uncontrolled predicates may be found in specialized constructions, including different case frames (‘sleep hits me’), special conjugation classes of verbs or adjectives, dedicated (modal) markers for control vs. non-control, etc. Other terms that may be used in the literature are non-volitional, non-agentive, non-volitive or involuntary. Note that we are not interested in how stative events with *inanimate* experiencers are coded: their coding is irrelevant, whether they show distinctions with controlled events or states or not. The existence of verbal derivations such as passive or causative does not count here. At least three different predicates should show a special kind of construction to code 1 for this feature.",GB146 VControl
GB147,Is there a morphological passive marked on the lexical verb?,1,Datapoint inherited from Danielsen’s work in the database of South American Indigenous Language Structures (SAILS).,"1. Code 1 if a source mentions a phonologically bound morpheme that marks passive clauses. 
2. Code 1 if there is no information on phonological (in)dependence but the relevant passivizing marker (auxiliary or particle) is orthographically bound to the verb. Add a comment that your analysis is based on orthography here.
3. Code 1 if you identify a phonologically bound passive marker in the examples/texts provided in a source. Investigate sections on verb morphology, valency change and argument structure.
4. Code 0 if a source mentions that there is no passive.  
5. Code 0 if a source mentions a phonologically free passive marker or other means of passivization, but none that are phonologically bound to the verb
6. Code 0 if a grammar treats other valency changing operations in considerable depth but does not mention passive constructions.
7. Code ? if there are examples that contain a potential passivizing construction but their analysis remains inconclusive.
8. Code ? if there are no sources treating valency changing operations in the language or if treatment of them is very limited.","Passivization is a detransitivizing operation that takes a transitive clause (*The dog bites the man.*) and turns it into an intransitive clause by promoting the [P](https://github.com/grambank/grambank/wiki/Core-arguments-(S,-A-and-P)) argument (*the man*) to morphosyntactic [S](https://github.com/grambank/grambank/wiki/Core-arguments-(S,-A-and-P)) function. In the resulting intransitive clause, the former [A](https://github.com/grambank/grambank/wiki/Core-arguments-(S,-A-and-P)) argument (*the dog*) either vanishes or adopts an oblique function: *The man is bitten (by the dog).* ‘Mediopassives’, ‘anticausatives’ and the sort (e.g. ‘x breaks the vase’ > ‘the vase breaks’) also count as passives. This question targets [phonologically bound](https://github.com/grambank/grambank/wiki/Wordhood-and-phonological-boundness-or-independence) passive markers on lexical verbs. Anything that happens with auxiliaries is irrelevant here.

Sometimes a language uses a combination of an auxiliary and a special form of the verb to express passive clauses. This verb form may be called a 'participle' or 'infinitive'. If such participial or infinitival forms are morphologically marked (that is, they are not unmarked/zero-marked), they also trigger a 1 for this feature.",GB147 PassiveBoundV
GB148,Is there a morphological antipassive marked on the lexical verb?,0,Datapoint inherited from Danielsen’s work in the database of South American Indigenous Language Structures (SAILS).,"1. Code 1 if a source mentions a phonologically bound morpheme to mark antipassive clauses.
2. Code 1 if there is no information on phonological (in)dependence but the relevant antipassive marker is orthographically bound to the verb. Add a comment that your analysis is based on orthography.
3. Code 1 if you identify a phonologically bound antipassive marker in the examples/texts provided in a source.
4. Code 0 if a source mentions that there is no antipassive.
5. Code 0 if a source mentions a phonologically free antipassive marker or other means of marking antipassives, but not one that is phonologically bound to the verb
6. Code 0 if a grammar treats other valency changing operations in considerable depth but does not mention antipassive constructions.
7. Code ? if there are examples that contain a potential antipassive construction but their analysis remains inconclusive.
8. Code ? if there are no sources treating valency changing operations in the language or if treatment of them is very limited.","An antipassive marker detransitivizes verbs by removing the [P](https://github.com/grambank/grambank/wiki/Core-arguments-(S,-A-and-P)) argument or realizing it as an oblique argument. In a construction with ergative alignment, this means that the [A](https://github.com/grambank/grambank/wiki/Core-arguments-(S,-A-and-P)) argument of a transitive clause is encoded as the [S](https://github.com/grambank/grambank/wiki/Core-arguments-(S,-A-and-P)) argument in a corresponding antipassive clause. An antipassive marker often also has other detransitivizing functions, such as reflexivization, reciprocal, passive, or anticausative.  In practice, this feature targets any intransitivising marker that is not, or not only, a reflexive, reciprocal, passive, or anticausative marker. This question targets productive [phonologically bound](https://github.com/grambank/grambank/wiki/Wordhood-and-phonological-boundness-or-independence) antipassive markers on lexical verbs, as well as reduplication. Zero-marking or the removal of a transitivizing marker is not sufficient for a 1. Anything that happens with auxiliaries is irrelevant here. If the antipassive marker is only applied in a limited set of probably lexicalized items, it does not trigger 1.",GB148 AntipassiveBoundV
GB149,Is there a morphologically marked inverse on verbs?,0,Datapoint inherited from Danielsen’s work in the database of South American Indigenous Language Structures (SAILS).,"1. Code 1 if the grammar discusses a marker on the verb that encodes that the patient outranks the agent on an animacy or person hierarchy. Be sure to consult sections dealing with argument marking, verbal derivation and verbal morphology in general. Sometimes authors do not explicitly discuss the function of these markers or they do not present a hierarchy, but they may present a paradigm from which you can figure out the pattern.
2. Code 1 if different indexes are used according to whether the patient outranks the agent on an animacy or person hierarchy or the reverse is true.
3. Code 0 if there are no signs of such a system in the language.","Inverse systems are based on an animacy, person, or topicality hierarchy. Inverse markers indicate that the patient outranks the agent on the hierarchy. In a system that has a hierarchy [speech act participants > 3SG pronouns > humans > animals, etc.], for example, ‘man INV-bite dog’ would mean ‘the dog bit the man’. Note that in some languages, there are portmanteau morphemes that both function as person [indexes](https://github.com/grambank/grambank/wiki/Indexing-vs.-pronouns) on verbs and as direct/inverse markers. They would trigger 1 for this question. This feature targets [phonologically bound](https://github.com/grambank/grambank/wiki/Wordhood-and-phonological-boundness-or-independence) inverse markers.",GB149 InverseBoundV
GB150,Is there clause chaining?,?,Datapoint inherited from Danielsen’s work in the database of South American Indigenous Language Structures (SAILS).,"1. Code 1 if the language can express a sequence of events through a series of clauses with morphologically reduced verb forms that are dependent on a single, fully-specified verb form (which typically occurs in the final clause).
2. Code 0 if the language can express a sequence of events through a set of verbs or verb phrases, but these verbs are each fully inflected (i.e. there are not reduced verb forms that depend on a single fully-inflected form for specification of required grammatical categories).
3. Code 0 and consider [GB118](https://github.com/grambank/Grambank/wiki/GB118) if the language has constructions involving a sequence of verbs, but the sequence of verb forms always functions as a single predicate rather than a series of clauses.
4. Code 0 and see [GB122](https://github.com/grambank/Grambank/wiki/GB122) if the language has a construction that involves multiple verbs in sequence, but these verbs appear to function as a phonological and grammatical word, and/or describe a single event rather than separate propositions.
5. If you are uncertain whether a construction involving a series of clauses is clause chaining or instead a sequence of subordinated clauses, either open an issue to discuss the data or code ? and provide a comment.
6. If you are uncertain whether there is a construction that meets the criteria above for clause-chaining or whether all examples involving series of verbs exemplify another construction (e.g. serial verbs or verb compounding), code ? and provide a comment.","Clause-chaining involves sequences of medial clauses (i.e. formally reduced or restricted clauses that do not have the full marking that usually occurs on the verb) which are dependent on a single, fully inflected verb that often (but not always) occurs in final clause. Clause chains may also be referred to as topic chains or as sequences of medial clauses/medial verbs. Crucially, this construction involves a single clause with a full, unrestricted, finite verb form and medial clauses that are dependent on it for specification of inflectional categories (e.g. TAM). 

Clause chains are often used to describe sequences of events, and the medial verbs involved may be marked by [special affixes to indicate temporal relationships](https://github.com/grambank/Grambank/wiki/GB152). Clause chains may also include markers of [switch reference](https://github.com/grambank/Grambank/wiki/GB151). Medial verbs in some languages may be marked in the usual way for person/number of their arguments, though they generally lack some other canonical verbal inflection or involve specific marked verb forms that cannot be used in freestanding clauses. 

There is considerable debate regarding the syntax of clause chaining generally and within individual languages. This construction is not merely a series of juxtaposed minimal clauses, as it requires dependency on one fully specified clause for full interpretation. It is also not straightforwardly a series of subordinated clauses (as in the series of temporal adjuncts in English, *Before he ate, while he was cooking the soup, he added salt.*). The syntactic relationship between clauses in clause chains is often described as a special type of coordination or a form of cosubordination.

In some cases clause-chaining may be difficult to distinguish from [serial verb constructions](https://github.com/grambank/Grambank/wiki/GB118). Remember that a serial verb construction involves a set of verbs or verb phrases that function as a single predicate, whereas clause-chaining involves a set of *clauses* with formally reduced verbs, all dependent on a single fully specified verb form. Clause-chaining is also different from [verb compounding](https://github.com/grambank/Grambank/wiki/GB122) in that the clauses in clause chaining are [phonologically independent](https://github.com/grambank/grambank/wiki/Wordhood-and-phonological-boundness-or-independence) and express separate propositions, which is not the case for verb compounding. In cases where it is unclear which of these constructions is represented by the examples in the grammar, a ? may be coded, but be sure to indicate in the comments that you were unable to determine which of these constructions is demonstrated in the relevant examples.",GB150 ClauseChain
GB151,"Is there an overt verb marker dedicated to signalling coreference or noncoreference between the subject of one clause and an argument of an adjacent clause (""switch reference"")?",0,Datapoint inherited from Danielsen’s work in the database of South American Indigenous Language Structures (SAILS).,"1. Examine sections of the grammar that describe clause combining and multi-clausal constructions, or examine examples of multi-clausal constructions if the grammar does not explicitly designate sections to describe multi-clausal constructions.
2. Code 1 if there is a marker or morphological alternation in the verbal domain that signals whether the subject of a clause has the same or a different referent as/than an argument (usually the subject) of an adjacent clause.
3. Code 1 if there is a marker that signals (non-)coreference between an argument of a clause and an argument of an adjacent clause, with the opposite unmarked (e.g. non-coreference marked overtly and coreference unmarked).
4. Code 0 if there are no morphological alternations associated with coreference of arguments in adjacent clauses.","Is there an overt marker [on the verb](https://github.com/grambank/grambank/wiki/%27on-the-verb-noun%27-or-%27by-morphology%27) that marks whether the argument has the same/a different referent as/than an argument of the following clause? Some languages (e.g. Kashaya) signal switch reference by using different allomorphs of TAM markers depending on whether the subject of the following clause is the same or different. Some systems (e.g. Southeastern Pomo) only have special morphology to indicate different subjects, whereas the contrasting morphological pattern that is used for coreferential subjects can also be used for some combinations of clauses with different referents.",GB151 SwitchReference
GB152,Is there a morphologically marked distinction between simultaneous and sequential clauses?,0,Datapoint inherited from Danielsen’s work in the database of South American Indigenous Language Structures (SAILS).,"1. If there is a marker on the verb that indicates that the event described in an adjacent clause is temporally simultaneous with the marked clause, code 1.
2. If there is a marker on the verb that indicates that the event described in an adjacent clause is temporally sequential with the marked clause, code 1.
3. If clauses or verbs are combined in a way (e.g. through subordination) that implies sequential or simultaneous action and no overt verb marker is dedicated to this distinction, code 0.
4. If simultaneous or sequential temporal relationships are implied through the use of imperfective aspect or adverbial elements other than a dedicated verbal marker, code 0.",This question is concerned with whether there is an overt marker dedicated to signaling the distinction between temporally simultaneous and sequential actions. If sequential meaning is a secondary function of an imperfective aspect this does not count; it must be indicated by a devoted marker. The language does not need to express both sequential and simultaneous temporal relationships overtly; one marker devoted to either function is sufficient to trigger a 1.,GB152 SimulSeqBound
GB155,Are causatives formed by affixes or clitics on verbs?,1,Datapoint inherited from Danielsen’s work in the database of South American Indigenous Language Structures (SAILS).,"1. Code 1 if a source mentions a phonologically bound morpheme that marks causatives.
2. Code 1 if there is no information on phonological (in)dependence but the relevant causative marker is orthographically bound to the verb. Add a comment that your analysis is based on orthography here.
3. Code 1 if you identify a phonologically bound causative marker in the examples/texts provided in a source.
4. Code 0 if a source mentions that there is no causative.  
5. Code 0 if a source mentions a periphrastic or phonologically independent causative construction, but not one marked with a bound marker.  
6. Code 0 if a grammar treats other valency changing operations in considerable depth but does not mention causative constructions.
7. Code ? if there are examples that contain a potential causative construction but their analysis remains inconclusive.  
8. Code ? if there are no sources treating valency changing operations in the language or if treatment of them is very limited.","A causative is a valency increasing operation that introduces a causer core argument that makes a non-subject argument do or become something (e.g. ‘x eats’ -> ‘y feeds x’ = ‘y causes x to to eat’). Note that both causatives adding an argument to a transitive clause (*I drink milk* -> *x causes me to drink milk*) and those adding an argument to an intransitive clause (*I sit* -> *x causes me to sit*) are targeted by this question. This question targets [productive](https://github.com/grambank/grambank/wiki/Productivity), [phonologically bound](https://github.com/grambank/grambank/wiki/Wordhood-and-phonological-boundness-or-independence) causative markers. Lexicalized causative verbs should be disregarded for this feature.",GB155 CAUSBound
GB156,Is there a causative construction involving an element that is unmistakably grammaticalized from a verb for 'to say'?,0,Datapoint inherited from Danielsen’s work in the database of South American Indigenous Language Structures (SAILS).,"1. Code 1 if a source mentions a causative construction that features an element that originates as a verb for ‘to say’.
2. Code 1 if you spot an unambiguous causative construction that features an element that otherwise means ‘to say’ (e.g. where the causee is an inanimate entity).
3. Code 0 if there is a causative construction with an element that otherwise occurs as a verb that cannot be translated as ‘to say’. Mention the verb in the comments.
3. Code 0 if causative constructions are comprehensively discussed, but nothing is said about a causative construction featuring a ‘say’ element.
4. Code 0 if there are no causative constructions.
5. Code ? if you spot potential causative constructions featuring a ‘say’ element, but the analysis is inconclusive.
6. Code ? if there are no sources treating causatives or other valency changing operations in the language or if treatment of them is very limited.","A causative is a valency increasing operation that introduces a causer subject that makes a non-subject argument do or become something (e.g. ‘x eats’ -> ‘y feeds x’ = ‘y causes x to to eat’). Both causatives adding an argument to a transitive clause (*I drink milk* -> *x causes me to drink milk*) and those adding an argument to an intransitive clause (*I sit -> x causes me to sit*) are included in this feature. This question targets causative constructions with an element that clearly originated as a verb for ‘to say’ (e.g. *I said for the stone to fall* to mean ‘I made the stone fall’). Various verbs of saying count for this feature, including ‘to say’, ‘to speak’ and ‘to call’. If another verb is involved that cannot be easily translated as ‘to say’, e.g. ‘ask’, code 0 but mention the verb in the comments.",GB156 CAUSSay
GB158,Are verbs reduplicated?,1,Datapoint inherited from Danielsen’s work in the database of South American Indigenous Language Structures (SAILS).,"1. Code 1 if a source mentions productive verbal reduplication.
2. Code 1 if you identify productively reduplicated verbs in a source.
3. Code 0 if a source mentions that there is no productive (verbal) reduplication.
4. Code 0 if a source discusses reduplication of nouns or other items but not of verbs.
5. Code 0 if the only instances of verbal reduplication are lexicalized.
6. Code ? if there are examples that contain potential verbal reduplication but their analysis remains inconclusive. 
7. Code ? if you suspect the author may have missed or disregarded verbal reduplication.","A verb is reduplicated if its root is fully or partially repeated. The word class of the outcome of the process is not relevant, as long as the root is a verb. Full repetition of already inflected verbs or units larger than a root does not trigger a 1 for this feature. This feature only targets [productive](https://github.com/grambank/grambank/wiki/Productivity) reduplication. Reduplication in closed classes (e.g. only a small, closed conjugation class) is not relevant. Lexicalized examples are irrelevant.",GB158 RedupV
GB159,Are nouns reduplicated?,0,Datapoint inherited from Danielsen’s work in the database of South American Indigenous Language Structures (SAILS).,"1. Code 1 if a source mentions productive reduplication of nouns.
2. Code 1 if you identify productively reduplicated nouns in a source.
3. Code 0 if a source mentions that there is no productive reduplication (of nouns).
4. Code 0 if a source discusses reduplication of verbs or other items but not of nouns.
5. Code 0 if the only instances of reduplicated nouns are lexicalized.
6. Code ? if there are examples that contain potential reduplicated nouns but their analysis remains inconclusive. 
7. Code ? if you suspect the author may have missed or disregarded reduplicated nouns.","A noun is reduplicated if its root is fully or partially repeated. The word class of the outcome of the process is not relevant, as long as the root is a noun. Full repetition of already inflected nouns or units larger than a root does not trigger a 1 for this feature. This feature only targets [productive](https://github.com/grambank/grambank/wiki/Productivity) reduplication. Reduplication in closed classes (e.g. kinship terms) is not relevant. Lexicalized examples are irrelevant.",GB159 RedupNoun
GB160,Are elements apart from verbs or nouns reduplicated?,0,Datapoint inherited from Danielsen’s work in the database of South American Indigenous Language Structures (SAILS).,"1. Code 1 if a source mentions productive reduplication of any word class that is different from verbs and nouns.
2. Code 1 if you identify productive reduplication of items that are not verbs or nouns in a source.
3. Code 0 if a source mentions that there is no productive reduplication of items beyond verbs and/or nouns.
4. Code 0 if a source discusses reduplication for nouns and/or verbs, but does not discuss reduplication for other items.
5. Code 0 if the only instances of reduplication beyond verbs and nouns in the language are lexicalized. For open word classes, this means that reduplication would only apply to a small set of lexically determined roots. For closed word classes, this means that the simplex root of a reduplicated item is no longer available as a separate word.
6. Code ? if there are examples that contain potential reduplication without verbal or nominal roots but their analysis remains inconclusive. 
7. Code ? if you suspect the author may have missed or disregarded reduplication of items beyond verbs and nouns in the language.","A lexeme is reduplicated if its root is fully or partially repeated. The word class of the outcome of the process is not relevant, as long as the root is not a noun or a verb. Reduplication of function words counts, as does reduplication of numerals, adjectives and adverbs. Full repetition of already inflected words or units larger than a root does not trigger a 1 for this feature. This feature only targets [productive](https://github.com/grambank/grambank/wiki/Productivity) reduplication. Lexicalized examples are irrelevant. For open word classes, this means that reduplication should not be limited to a small set of lexically determined roots. For closed word classes, any transparent reduplication counts as long as the non-reduplicated root is also still used. Roots that only occur in their reduplicated form should be considered lexicalized reduplications.",GB160 RedupOther
GB177,"Can the verb carry a marker of animacy of argument, unrelated to any gender/noun class of the argument visible in the NP domain?",0,Datapoint inherited from Danielsen’s work in the database of South American Indigenous Language Structures (SAILS).,"1. Check the section on verbal morphology to identify whether the language has any indexing at all. Code 0 if it does not.
2. If there is indexing, consider which categories are indexed on the verb. Code 0 if only person and/or number and/or clusivity are indexed and the marking is identical for both animate and inanimate referents.
3. If there is indexing of the animacy feature or animacy conditions the use of allomorphs (including zero marking) for number or person marking, this is potentially a 1. Consider the agreement features within an NP and the respective gender/noun classes. Code 1 if the sets of referents identified on the basis of verbal indexing is not identical to the sets of referents identified on the basis of agreement with an NP. 
4. Code 0 if the same gender/noun class as the ones identified on the basis of agreement within an NP are found in the indexing system.","Does the animacy of an argument ([S or A or P](https://github.com/grambank/grambank/wiki/Core-arguments-(S,-A-and-P))) determine the form or presence of an [index](https://github.com/grambank/grambank/wiki/Indexing-vs.-pronouns) on the verb. This system of marking needs to be unrelated to or not reducible to the [gender/noun class system](https://github.com/grambank/grambank/wiki/Noun-Classes-and-Classifiers) as revealed by [agreement](https://github.com/grambank/grambank/wiki/Agreement) in the noun phrase.",GB177 AnimacyBoundV
